{"__meta":{"schema_version":3,"schema_name":"GBMModelV3","schema_type":"GBMModel"},"model_id":{"__meta":{"schema_version":3,"schema_name":"ModelKeyV3","schema_type":"Key<Model>"},"name":"InterestRateModel","type":"Key<Model>","URL":"/3/Models/InterestRateModel"},"algo":"gbm","algo_full_name":"Gradient Boosting Machine","response_column_name":"int_rate","data_frame":{"__meta":{"schema_version":3,"schema_name":"FrameKeyV3","schema_type":"Key<Frame>"},"name":"RTMP_sid_b1cf_4","type":"Key<Frame>","URL":"/3/Frames/RTMP_sid_b1cf_4"},"timestamp":0,"have_pojo":true,"have_mojo":true,"algo":"gbm","algo_full_name":"Gradient Boosting Machine","model_id":{"__meta":{"schema_version":3,"schema_name":"ModelKeyV3","schema_type":"Key<Model>"},"name":"InterestRateModel","type":"Key<Model>","URL":"/3/Models/InterestRateModel"},"parameters":[{"__meta":{"schema_version":3,"schema_name":"ModelParameterSchemaV3","schema_type":"Iced"},"name":"model_id","label":"model_id","help":"Destination id for this model; auto-generated if not specified.","required":false,"type":"Key<Model>","default_value":null,"actual_value":{"__meta":{"schema_version":3,"schema_name":"ModelKeyV3","schema_type":"Key<Model>"},"name":"InterestRateModel","type":"Key<Model>","URL":"/3/Models/InterestRateModel"},"level":"critical","values":[],"is_member_of_frames":[],"is_mutually_exclusive_with":[],"gridable":false},{"__meta":{"schema_version":3,"schema_name":"ModelParameterSchemaV3","schema_type":"Iced"},"name":"training_frame","label":"training_frame","help":"Id of the training data frame.","required":false,"type":"Key<Frame>","default_value":null,"actual_value":{"__meta":{"schema_version":3,"schema_name":"FrameKeyV3","schema_type":"Key<Frame>"},"name":"RTMP_sid_b1cf_4","type":"Key<Frame>","URL":"/3/Frames/RTMP_sid_b1cf_4"},"level":"critical","values":[],"is_member_of_frames":[],"is_mutually_exclusive_with":[],"gridable":false},{"__meta":{"schema_version":3,"schema_name":"ModelParameterSchemaV3","schema_type":"Iced"},"name":"validation_frame","label":"validation_frame","help":"Id of the validation data frame.","required":false,"type":"Key<Frame>","default_value":null,"actual_value":{"__meta":{"schema_version":3,"schema_name":"FrameKeyV3","schema_type":"Key<Frame>"},"name":"RTMP_sid_b1cf_5","type":"Key<Frame>","URL":"/3/Frames/RTMP_sid_b1cf_5"},"level":"critical","values":[],"is_member_of_frames":[],"is_mutually_exclusive_with":[],"gridable":true},{"__meta":{"schema_version":3,"schema_name":"ModelParameterSchemaV3","schema_type":"Iced"},"name":"nfolds","label":"nfolds","help":"Number of folds for K-fold cross-validation (0 to disable or >= 2).","required":false,"type":"int","default_value":0,"actual_value":0,"level":"critical","values":[],"is_member_of_frames":[],"is_mutually_exclusive_with":[],"gridable":false},{"__meta":{"schema_version":3,"schema_name":"ModelParameterSchemaV3","schema_type":"Iced"},"name":"keep_cross_validation_predictions","label":"keep_cross_validation_predictions","help":"Whether to keep the predictions of the cross-validation models.","required":false,"type":"boolean","default_value":false,"actual_value":false,"level":"expert","values":[],"is_member_of_frames":[],"is_mutually_exclusive_with":[],"gridable":false},{"__meta":{"schema_version":3,"schema_name":"ModelParameterSchemaV3","schema_type":"Iced"},"name":"keep_cross_validation_fold_assignment","label":"keep_cross_validation_fold_assignment","help":"Whether to keep the cross-validation fold assignment.","required":false,"type":"boolean","default_value":false,"actual_value":false,"level":"expert","values":[],"is_member_of_frames":[],"is_mutually_exclusive_with":[],"gridable":false},{"__meta":{"schema_version":3,"schema_name":"ModelParameterSchemaV3","schema_type":"Iced"},"name":"score_each_iteration","label":"score_each_iteration","help":"Whether to score during each iteration of model training.","required":false,"type":"boolean","default_value":false,"actual_value":true,"level":"secondary","values":[],"is_member_of_frames":[],"is_mutually_exclusive_with":[],"gridable":false},{"__meta":{"schema_version":3,"schema_name":"ModelParameterSchemaV3","schema_type":"Iced"},"name":"score_tree_interval","label":"score_tree_interval","help":"Score the model after every so many trees. Disabled if set to 0.","required":false,"type":"int","default_value":0,"actual_value":0,"level":"secondary","values":[],"is_member_of_frames":[],"is_mutually_exclusive_with":[],"gridable":false},{"__meta":{"schema_version":3,"schema_name":"ModelParameterSchemaV3","schema_type":"Iced"},"name":"fold_assignment","label":"fold_assignment","help":"Cross-validation fold assignment scheme, if fold_column is not specified. The 'Stratified' option will stratify the folds based on the response variable, for classification problems.","required":false,"type":"enum","default_value":"AUTO","actual_value":"AUTO","level":"secondary","values":["AUTO","Random","Modulo","Stratified"],"is_member_of_frames":[],"is_mutually_exclusive_with":[],"gridable":true},{"__meta":{"schema_version":3,"schema_name":"ModelParameterSchemaV3","schema_type":"Iced"},"name":"fold_column","label":"fold_column","help":"Column with cross-validation fold index assignment per observation.","required":false,"type":"VecSpecifier","default_value":null,"actual_value":null,"level":"secondary","values":[],"is_member_of_frames":["training_frame"],"is_mutually_exclusive_with":["response_column","weights_column","ignored_columns","offset_column"],"gridable":true},{"__meta":{"schema_version":3,"schema_name":"ModelParameterSchemaV3","schema_type":"Iced"},"name":"response_column","label":"response_column","help":"Response variable column.","required":false,"type":"VecSpecifier","default_value":null,"actual_value":{"__meta":{"schema_version":3,"schema_name":"ColSpecifierV3","schema_type":"VecSpecifier"},"column_name":"int_rate","is_member_of_frames":null},"level":"critical","values":[],"is_member_of_frames":["training_frame","validation_frame"],"is_mutually_exclusive_with":["weights_column","ignored_columns","offset_column","fold_column"],"gridable":true},{"__meta":{"schema_version":3,"schema_name":"ModelParameterSchemaV3","schema_type":"Iced"},"name":"ignored_columns","label":"ignored_columns","help":"Names of columns to ignore for training.","required":false,"type":"string[]","default_value":null,"actual_value":["bad_loan"],"level":"critical","values":[],"is_member_of_frames":["training_frame","validation_frame"],"is_mutually_exclusive_with":["response_column","weights_column","offset_column","fold_column"],"gridable":false},{"__meta":{"schema_version":3,"schema_name":"ModelParameterSchemaV3","schema_type":"Iced"},"name":"ignore_const_cols","label":"ignore_const_cols","help":"Ignore constant columns.","required":false,"type":"boolean","default_value":true,"actual_value":true,"level":"critical","values":[],"is_member_of_frames":[],"is_mutually_exclusive_with":[],"gridable":false},{"__meta":{"schema_version":3,"schema_name":"ModelParameterSchemaV3","schema_type":"Iced"},"name":"offset_column","label":"offset_column","help":"Offset column. This will be added to the combination of columns before applying the link function.","required":false,"type":"VecSpecifier","default_value":null,"actual_value":null,"level":"secondary","values":[],"is_member_of_frames":["training_frame","validation_frame"],"is_mutually_exclusive_with":["response_column","weights_column","ignored_columns","fold_column"],"gridable":true},{"__meta":{"schema_version":3,"schema_name":"ModelParameterSchemaV3","schema_type":"Iced"},"name":"weights_column","label":"weights_column","help":"Column with observation weights. Giving some observation a weight of zero is equivalent to excluding it from the dataset; giving an observation a relative weight of 2 is equivalent to repeating that row twice. Negative weights are not allowed. Note: Weights are per-row observation weights and do not increase the size of the data frame. This is typically the number of times a row is repeated, but non-integer values are supported as well. During training, rows with higher weights matter more, due to the larger loss function pre-factor.","required":false,"type":"VecSpecifier","default_value":null,"actual_value":null,"level":"secondary","values":[],"is_member_of_frames":["training_frame","validation_frame"],"is_mutually_exclusive_with":["response_column","ignored_columns","offset_column","fold_column"],"gridable":true},{"__meta":{"schema_version":3,"schema_name":"ModelParameterSchemaV3","schema_type":"Iced"},"name":"balance_classes","label":"balance_classes","help":"Balance training data class counts via over/under-sampling (for imbalanced data).","required":false,"type":"boolean","default_value":false,"actual_value":false,"level":"secondary","values":[],"is_member_of_frames":[],"is_mutually_exclusive_with":[],"gridable":true},{"__meta":{"schema_version":3,"schema_name":"ModelParameterSchemaV3","schema_type":"Iced"},"name":"class_sampling_factors","label":"class_sampling_factors","help":"Desired over/under-sampling ratios per class (in lexicographic order). If not specified, sampling factors will be automatically computed to obtain class balance during training. Requires balance_classes.","required":false,"type":"float[]","default_value":null,"actual_value":null,"level":"expert","values":[],"is_member_of_frames":[],"is_mutually_exclusive_with":[],"gridable":true},{"__meta":{"schema_version":3,"schema_name":"ModelParameterSchemaV3","schema_type":"Iced"},"name":"max_after_balance_size","label":"max_after_balance_size","help":"Maximum relative size of the training data after balancing class counts (can be less than 1.0). Requires balance_classes.","required":false,"type":"float","default_value":5.0,"actual_value":5.0,"level":"expert","values":[],"is_member_of_frames":[],"is_mutually_exclusive_with":[],"gridable":true},{"__meta":{"schema_version":3,"schema_name":"ModelParameterSchemaV3","schema_type":"Iced"},"name":"max_confusion_matrix_size","label":"max_confusion_matrix_size","help":"[Deprecated] Maximum size (# classes) for confusion matrices to be printed in the Logs","required":false,"type":"int","default_value":20,"actual_value":20,"level":"secondary","values":[],"is_member_of_frames":[],"is_mutually_exclusive_with":[],"gridable":false},{"__meta":{"schema_version":3,"schema_name":"ModelParameterSchemaV3","schema_type":"Iced"},"name":"max_hit_ratio_k","label":"max_hit_ratio_k","help":"Max. number (top K) of predictions to use for hit ratio computation (for multi-class only, 0 to disable)","required":false,"type":"int","default_value":0,"actual_value":0,"level":"secondary","values":[],"is_member_of_frames":[],"is_mutually_exclusive_with":[],"gridable":false},{"__meta":{"schema_version":3,"schema_name":"ModelParameterSchemaV3","schema_type":"Iced"},"name":"ntrees","label":"ntrees","help":"Number of trees.","required":false,"type":"int","default_value":50,"actual_value":100,"level":"critical","values":[],"is_member_of_frames":[],"is_mutually_exclusive_with":[],"gridable":true},{"__meta":{"schema_version":3,"schema_name":"ModelParameterSchemaV3","schema_type":"Iced"},"name":"max_depth","label":"max_depth","help":"Maximum tree depth.","required":false,"type":"int","default_value":5,"actual_value":5,"level":"critical","values":[],"is_member_of_frames":[],"is_mutually_exclusive_with":[],"gridable":true},{"__meta":{"schema_version":3,"schema_name":"ModelParameterSchemaV3","schema_type":"Iced"},"name":"min_rows","label":"min_rows","help":"Fewest allowed (weighted) observations in a leaf.","required":false,"type":"double","default_value":10.0,"actual_value":10.0,"level":"critical","values":[],"is_member_of_frames":[],"is_mutually_exclusive_with":[],"gridable":true},{"__meta":{"schema_version":3,"schema_name":"ModelParameterSchemaV3","schema_type":"Iced"},"name":"nbins","label":"nbins","help":"For numerical columns (real/int), build a histogram of (at least) this many bins, then split at the best point","required":false,"type":"int","default_value":20,"actual_value":20,"level":"critical","values":[],"is_member_of_frames":[],"is_mutually_exclusive_with":[],"gridable":true},{"__meta":{"schema_version":3,"schema_name":"ModelParameterSchemaV3","schema_type":"Iced"},"name":"nbins_top_level","label":"nbins_top_level","help":"For numerical columns (real/int), build a histogram of (at most) this many bins at the root level, then decrease by factor of two per level","required":false,"type":"int","default_value":1024,"actual_value":1024,"level":"secondary","values":[],"is_member_of_frames":[],"is_mutually_exclusive_with":[],"gridable":true},{"__meta":{"schema_version":3,"schema_name":"ModelParameterSchemaV3","schema_type":"Iced"},"name":"nbins_cats","label":"nbins_cats","help":"For categorical columns (factors), build a histogram of this many bins, then split at the best point. Higher values can lead to more overfitting.","required":false,"type":"int","default_value":1024,"actual_value":1024,"level":"secondary","values":[],"is_member_of_frames":[],"is_mutually_exclusive_with":[],"gridable":true},{"__meta":{"schema_version":3,"schema_name":"ModelParameterSchemaV3","schema_type":"Iced"},"name":"r2_stopping","label":"r2_stopping","help":"r2_stopping is no longer supported and will be ignored if set - please use stopping_rounds, stopping_metric and stopping_tolerance instead. Previous version of H2O would stop making trees when the R^2 metric equals or exceeds this","required":false,"type":"double","default_value":1.7976931348623157E308,"actual_value":1.7976931348623157E308,"level":"secondary","values":[],"is_member_of_frames":[],"is_mutually_exclusive_with":[],"gridable":true},{"__meta":{"schema_version":3,"schema_name":"ModelParameterSchemaV3","schema_type":"Iced"},"name":"stopping_rounds","label":"stopping_rounds","help":"Early stopping based on convergence of stopping_metric. Stop if simple moving average of length k of the stopping_metric does not improve for k:=stopping_rounds scoring events (0 to disable)","required":false,"type":"int","default_value":0,"actual_value":0,"level":"secondary","values":[],"is_member_of_frames":[],"is_mutually_exclusive_with":[],"gridable":true},{"__meta":{"schema_version":3,"schema_name":"ModelParameterSchemaV3","schema_type":"Iced"},"name":"stopping_metric","label":"stopping_metric","help":"Metric to use for early stopping (AUTO: logloss for classification, deviance for regression)","required":false,"type":"enum","default_value":"AUTO","actual_value":"AUTO","level":"secondary","values":["AUTO","deviance","logloss","MSE","RMSE","MAE","RMSLE","AUC","lift_top_group","misclassification","mean_per_class_error"],"is_member_of_frames":[],"is_mutually_exclusive_with":[],"gridable":true},{"__meta":{"schema_version":3,"schema_name":"ModelParameterSchemaV3","schema_type":"Iced"},"name":"stopping_tolerance","label":"stopping_tolerance","help":"Relative tolerance for metric-based stopping criterion (stop if relative improvement is not at least this much)","required":false,"type":"double","default_value":0.001,"actual_value":0.001,"level":"secondary","values":[],"is_member_of_frames":[],"is_mutually_exclusive_with":[],"gridable":true},{"__meta":{"schema_version":3,"schema_name":"ModelParameterSchemaV3","schema_type":"Iced"},"name":"max_runtime_secs","label":"max_runtime_secs","help":"Maximum allowed runtime in seconds for model training. Use 0 to disable.","required":false,"type":"double","default_value":0.0,"actual_value":0.0,"level":"secondary","values":[],"is_member_of_frames":[],"is_mutually_exclusive_with":[],"gridable":true},{"__meta":{"schema_version":3,"schema_name":"ModelParameterSchemaV3","schema_type":"Iced"},"name":"seed","label":"seed","help":"Seed for pseudo random number generator (if applicable)","required":false,"type":"long","default_value":-1,"actual_value":-920473367872785393,"level":"critical","values":[],"is_member_of_frames":[],"is_mutually_exclusive_with":[],"gridable":true},{"__meta":{"schema_version":3,"schema_name":"ModelParameterSchemaV3","schema_type":"Iced"},"name":"build_tree_one_node","label":"build_tree_one_node","help":"Run on one node only; no network overhead but fewer cpus used.  Suitable for small datasets.","required":false,"type":"boolean","default_value":false,"actual_value":false,"level":"expert","values":[],"is_member_of_frames":[],"is_mutually_exclusive_with":[],"gridable":false},{"__meta":{"schema_version":3,"schema_name":"ModelParameterSchemaV3","schema_type":"Iced"},"name":"learn_rate","label":"learn_rate","help":"Learning rate (from 0.0 to 1.0)","required":false,"type":"double","default_value":0.1,"actual_value":0.05,"level":"critical","values":[],"is_member_of_frames":[],"is_mutually_exclusive_with":[],"gridable":true},{"__meta":{"schema_version":3,"schema_name":"ModelParameterSchemaV3","schema_type":"Iced"},"name":"learn_rate_annealing","label":"learn_rate_annealing","help":"Scale the learning rate by this factor after each tree (e.g., 0.99 or 0.999) ","required":false,"type":"double","default_value":1.0,"actual_value":1.0,"level":"secondary","values":[],"is_member_of_frames":[],"is_mutually_exclusive_with":[],"gridable":true},{"__meta":{"schema_version":3,"schema_name":"ModelParameterSchemaV3","schema_type":"Iced"},"name":"distribution","label":"distribution","help":"Distribution function","required":false,"type":"enum","default_value":"AUTO","actual_value":"gaussian","level":"secondary","values":["AUTO","bernoulli","quasibinomial","ordinal","multinomial","gaussian","poisson","gamma","tweedie","laplace","quantile","huber"],"is_member_of_frames":[],"is_mutually_exclusive_with":[],"gridable":true},{"__meta":{"schema_version":3,"schema_name":"ModelParameterSchemaV3","schema_type":"Iced"},"name":"quantile_alpha","label":"quantile_alpha","help":"Desired quantile for Quantile regression, must be between 0 and 1.","required":false,"type":"double","default_value":0.5,"actual_value":0.5,"level":"secondary","values":[],"is_member_of_frames":[],"is_mutually_exclusive_with":[],"gridable":true},{"__meta":{"schema_version":3,"schema_name":"ModelParameterSchemaV3","schema_type":"Iced"},"name":"tweedie_power","label":"tweedie_power","help":"Tweedie power for Tweedie regression, must be between 1 and 2.","required":false,"type":"double","default_value":1.5,"actual_value":1.5,"level":"secondary","values":[],"is_member_of_frames":[],"is_mutually_exclusive_with":[],"gridable":true},{"__meta":{"schema_version":3,"schema_name":"ModelParameterSchemaV3","schema_type":"Iced"},"name":"huber_alpha","label":"huber_alpha","help":"Desired quantile for Huber/M-regression (threshold between quadratic and linear loss, must be between 0 and 1).","required":false,"type":"double","default_value":0.9,"actual_value":0.9,"level":"secondary","values":[],"is_member_of_frames":[],"is_mutually_exclusive_with":[],"gridable":true},{"__meta":{"schema_version":3,"schema_name":"ModelParameterSchemaV3","schema_type":"Iced"},"name":"checkpoint","label":"checkpoint","help":"Model checkpoint to resume training with.","required":false,"type":"Key<Model>","default_value":null,"actual_value":null,"level":"secondary","values":[],"is_member_of_frames":[],"is_mutually_exclusive_with":[],"gridable":false},{"__meta":{"schema_version":3,"schema_name":"ModelParameterSchemaV3","schema_type":"Iced"},"name":"sample_rate","label":"sample_rate","help":"Row sample rate per tree (from 0.0 to 1.0)","required":false,"type":"double","default_value":1.0,"actual_value":1.0,"level":"critical","values":[],"is_member_of_frames":[],"is_mutually_exclusive_with":[],"gridable":true},{"__meta":{"schema_version":3,"schema_name":"ModelParameterSchemaV3","schema_type":"Iced"},"name":"sample_rate_per_class","label":"sample_rate_per_class","help":"A list of row sample rates per class (relative fraction for each class, from 0.0 to 1.0), for each tree","required":false,"type":"double[]","default_value":null,"actual_value":null,"level":"expert","values":[],"is_member_of_frames":[],"is_mutually_exclusive_with":[],"gridable":true},{"__meta":{"schema_version":3,"schema_name":"ModelParameterSchemaV3","schema_type":"Iced"},"name":"col_sample_rate","label":"col_sample_rate","help":"Column sample rate (from 0.0 to 1.0)","required":false,"type":"double","default_value":1.0,"actual_value":1.0,"level":"critical","values":[],"is_member_of_frames":[],"is_mutually_exclusive_with":[],"gridable":true},{"__meta":{"schema_version":3,"schema_name":"ModelParameterSchemaV3","schema_type":"Iced"},"name":"col_sample_rate_change_per_level","label":"col_sample_rate_change_per_level","help":"Relative change of the column sampling rate for every level (must be > 0.0 and <= 2.0)","required":false,"type":"double","default_value":1.0,"actual_value":1.0,"level":"expert","values":[],"is_member_of_frames":[],"is_mutually_exclusive_with":[],"gridable":true},{"__meta":{"schema_version":3,"schema_name":"ModelParameterSchemaV3","schema_type":"Iced"},"name":"col_sample_rate_per_tree","label":"col_sample_rate_per_tree","help":"Column sample rate per tree (from 0.0 to 1.0)","required":false,"type":"double","default_value":1.0,"actual_value":1.0,"level":"secondary","values":[],"is_member_of_frames":[],"is_mutually_exclusive_with":[],"gridable":true},{"__meta":{"schema_version":3,"schema_name":"ModelParameterSchemaV3","schema_type":"Iced"},"name":"min_split_improvement","label":"min_split_improvement","help":"Minimum relative improvement in squared error reduction for a split to happen","required":false,"type":"double","default_value":1.0E-5,"actual_value":1.0E-5,"level":"secondary","values":[],"is_member_of_frames":[],"is_mutually_exclusive_with":[],"gridable":true},{"__meta":{"schema_version":3,"schema_name":"ModelParameterSchemaV3","schema_type":"Iced"},"name":"histogram_type","label":"histogram_type","help":"What type of histogram to use for finding optimal split points","required":false,"type":"enum","default_value":"AUTO","actual_value":"AUTO","level":"secondary","values":["AUTO","UniformAdaptive","Random","QuantilesGlobal","RoundRobin"],"is_member_of_frames":[],"is_mutually_exclusive_with":[],"gridable":true},{"__meta":{"schema_version":3,"schema_name":"ModelParameterSchemaV3","schema_type":"Iced"},"name":"max_abs_leafnode_pred","label":"max_abs_leafnode_pred","help":"Maximum absolute value of a leaf node prediction","required":false,"type":"double","default_value":1.7976931348623157E308,"actual_value":1.7976931348623157E308,"level":"expert","values":[],"is_member_of_frames":[],"is_mutually_exclusive_with":[],"gridable":true},{"__meta":{"schema_version":3,"schema_name":"ModelParameterSchemaV3","schema_type":"Iced"},"name":"pred_noise_bandwidth","label":"pred_noise_bandwidth","help":"Bandwidth (sigma) of Gaussian multiplicative noise ~N(1,sigma) for tree node predictions","required":false,"type":"double","default_value":0.0,"actual_value":0.0,"level":"expert","values":[],"is_member_of_frames":[],"is_mutually_exclusive_with":[],"gridable":true},{"__meta":{"schema_version":3,"schema_name":"ModelParameterSchemaV3","schema_type":"Iced"},"name":"categorical_encoding","label":"categorical_encoding","help":"Encoding scheme for categorical features","required":false,"type":"enum","default_value":"AUTO","actual_value":"AUTO","level":"secondary","values":["AUTO","Enum","OneHotInternal","OneHotExplicit","Binary","Eigen","LabelEncoder","SortByResponse","EnumLimited"],"is_member_of_frames":[],"is_mutually_exclusive_with":[],"gridable":true},{"__meta":{"schema_version":3,"schema_name":"ModelParameterSchemaV3","schema_type":"Iced"},"name":"calibrate_model","label":"calibrate_model","help":"Use Platt Scaling to calculate calibrated class probabilities. Calibration can provide more accurate estimates of class probabilities.","required":false,"type":"boolean","default_value":false,"actual_value":false,"level":"expert","values":[],"is_member_of_frames":[],"is_mutually_exclusive_with":[],"gridable":false},{"__meta":{"schema_version":3,"schema_name":"ModelParameterSchemaV3","schema_type":"Iced"},"name":"calibration_frame","label":"calibration_frame","help":"Calibration frame for Platt Scaling","required":false,"type":"Key<Frame>","default_value":null,"actual_value":null,"level":"expert","values":[],"is_member_of_frames":[],"is_mutually_exclusive_with":[],"gridable":false},{"__meta":{"schema_version":3,"schema_name":"ModelParameterSchemaV3","schema_type":"Iced"},"name":"custom_metric_func","label":"custom_metric_func","help":"Reference to custom evaluation function, format: `language:keyName=funcName`","required":false,"type":"string","default_value":null,"actual_value":null,"level":"secondary","values":[],"is_member_of_frames":[],"is_mutually_exclusive_with":[],"gridable":false}],"output":{"__meta":{"schema_version":3,"schema_name":"GBMModelOutputV3","schema_type":"GBMOutput"},"names":["loan_amnt","term","emp_length","home_ownership","annual_inc","purpose","addr_state","dti","delinq_2yrs","revol_util","total_acc","longest_credit_length","verification_status","int_rate"],"domains":[null,["36 months","60 months"],null,["ANY","MORTGAGE","NONE","OTHER","OWN","RENT"],null,["car","credit_card","debt_consolidation","educational","home_improvement","house","major_purchase","medical","moving","other","renewable_energy","small_business","vacation","wedding"],["AK","AL","AR","AZ","CA","CO","CT","DC","DE","FL","GA","HI","IA","ID","IL","IN","KS","KY","LA","MA","MD","ME","MI","MN","MO","MS","MT","NC","NE","NH","NJ","NM","NV","NY","OH","OK","OR","PA","RI","SC","SD","TN","TX","UT","VA","VT","WA","WI","WV","WY"],null,null,null,null,null,["not verified","verified"],null],"cross_validation_models":null,"cross_validation_predictions":null,"cross_validation_holdout_predictions_frame_id":null,"cross_validation_fold_assignment_frame_id":null,"model_category":"Regression","model_summary":{"__meta":{"schema_version":3,"schema_name":"TwoDimTableV3","schema_type":"TwoDimTable"},"name":"Model Summary","description":"","columns":[{"__meta":{"schema_version":-1,"schema_name":"ColumnSpecsBase","schema_type":"Iced"},"name":"","type":"string","format":"%s","description":""},{"__meta":{"schema_version":-1,"schema_name":"ColumnSpecsBase","schema_type":"Iced"},"name":"number_of_trees","type":"long","format":"%d","description":"Number of Trees"},{"__meta":{"schema_version":-1,"schema_name":"ColumnSpecsBase","schema_type":"Iced"},"name":"number_of_internal_trees","type":"long","format":"%d","description":"Number of Internal Trees"},{"__meta":{"schema_version":-1,"schema_name":"ColumnSpecsBase","schema_type":"Iced"},"name":"model_size_in_bytes","type":"long","format":"%d","description":"Model Size in Bytes"},{"__meta":{"schema_version":-1,"schema_name":"ColumnSpecsBase","schema_type":"Iced"},"name":"min_depth","type":"long","format":"%d","description":"Min. Depth"},{"__meta":{"schema_version":-1,"schema_name":"ColumnSpecsBase","schema_type":"Iced"},"name":"max_depth","type":"long","format":"%d","description":"Max. Depth"},{"__meta":{"schema_version":-1,"schema_name":"ColumnSpecsBase","schema_type":"Iced"},"name":"mean_depth","type":"double","format":"%.5f","description":"Mean Depth"},{"__meta":{"schema_version":-1,"schema_name":"ColumnSpecsBase","schema_type":"Iced"},"name":"min_leaves","type":"long","format":"%d","description":"Min. Leaves"},{"__meta":{"schema_version":-1,"schema_name":"ColumnSpecsBase","schema_type":"Iced"},"name":"max_leaves","type":"long","format":"%d","description":"Max. Leaves"},{"__meta":{"schema_version":-1,"schema_name":"ColumnSpecsBase","schema_type":"Iced"},"name":"mean_leaves","type":"double","format":"%.5f","description":"Mean Leaves"}],"rowcount":1,"data":[[""],[100],[100],[51076],[5],[5],[5.0],[26],[32],[31.63]]},"scoring_history":{"__meta":{"schema_version":3,"schema_name":"TwoDimTableV3","schema_type":"TwoDimTable"},"name":"Scoring History","description":"","columns":[{"__meta":{"schema_version":-1,"schema_name":"ColumnSpecsBase","schema_type":"Iced"},"name":"","type":"string","format":"%s","description":""},{"__meta":{"schema_version":-1,"schema_name":"ColumnSpecsBase","schema_type":"Iced"},"name":"timestamp","type":"string","format":"%s","description":"Timestamp"},{"__meta":{"schema_version":-1,"schema_name":"ColumnSpecsBase","schema_type":"Iced"},"name":"duration","type":"string","format":"%s","description":"Duration"},{"__meta":{"schema_version":-1,"schema_name":"ColumnSpecsBase","schema_type":"Iced"},"name":"number_of_trees","type":"long","format":"%d","description":"Number of Trees"},{"__meta":{"schema_version":-1,"schema_name":"ColumnSpecsBase","schema_type":"Iced"},"name":"training_rmse","type":"double","format":"%.5f","description":"Training RMSE"},{"__meta":{"schema_version":-1,"schema_name":"ColumnSpecsBase","schema_type":"Iced"},"name":"training_mae","type":"double","format":"%.5f","description":"Training MAE"},{"__meta":{"schema_version":-1,"schema_name":"ColumnSpecsBase","schema_type":"Iced"},"name":"training_deviance","type":"double","format":"%.5f","description":"Training Deviance"},{"__meta":{"schema_version":-1,"schema_name":"ColumnSpecsBase","schema_type":"Iced"},"name":"validation_rmse","type":"double","format":"%.5f","description":"Validation RMSE"},{"__meta":{"schema_version":-1,"schema_name":"ColumnSpecsBase","schema_type":"Iced"},"name":"validation_mae","type":"double","format":"%.5f","description":"Validation MAE"},{"__meta":{"schema_version":-1,"schema_name":"ColumnSpecsBase","schema_type":"Iced"},"name":"validation_deviance","type":"double","format":"%.5f","description":"Validation Deviance"}],"rowcount":101,"data":[["","","","","","","","","","","","","","","","","","","","","","","","","","","","","","","","","","","","","","","","","","","","","","","","","","","","","","","","","","","","","","","","","","","","","","","","","","","","","","","","","","","","","","","","","","","","","","","","","","","","",""],["2018-09-17 19:26:34","2018-09-17 19:26:34","2018-09-17 19:26:34","2018-09-17 19:26:34","2018-09-17 19:26:34","2018-09-17 19:26:34","2018-09-17 19:26:34","2018-09-17 19:26:34","2018-09-17 19:26:34","2018-09-17 19:26:34","2018-09-17 19:26:34","2018-09-17 19:26:34","2018-09-17 19:26:35","2018-09-17 19:26:35","2018-09-17 19:26:35","2018-09-17 19:26:35","2018-09-17 19:26:35","2018-09-17 19:26:35","2018-09-17 19:26:35","2018-09-17 19:26:35","2018-09-17 19:26:35","2018-09-17 19:26:35","2018-09-17 19:26:35","2018-09-17 19:26:35","2018-09-17 19:26:35","2018-09-17 19:26:35","2018-09-17 19:26:35","2018-09-17 19:26:35","2018-09-17 19:26:35","2018-09-17 19:26:35","2018-09-17 19:26:35","2018-09-17 19:26:35","2018-09-17 19:26:35","2018-09-17 19:26:35","2018-09-17 19:26:35","2018-09-17 19:26:35","2018-09-17 19:26:35","2018-09-17 19:26:36","2018-09-17 19:26:36","2018-09-17 19:26:36","2018-09-17 19:26:36","2018-09-17 19:26:36","2018-09-17 19:26:36","2018-09-17 19:26:36","2018-09-17 19:26:36","2018-09-17 19:26:36","2018-09-17 19:26:36","2018-09-17 19:26:36","2018-09-17 19:26:36","2018-09-17 19:26:36","2018-09-17 19:26:36","2018-09-17 19:26:36","2018-09-17 19:26:36","2018-09-17 19:26:36","2018-09-17 19:26:36","2018-09-17 19:26:36","2018-09-17 19:26:36","2018-09-17 19:26:36","2018-09-17 19:26:36","2018-09-17 19:26:36","2018-09-17 19:26:36","2018-09-17 19:26:36","2018-09-17 19:26:37","2018-09-17 19:26:37","2018-09-17 19:26:37","2018-09-17 19:26:37","2018-09-17 19:26:37","2018-09-17 19:26:37","2018-09-17 19:26:37","2018-09-17 19:26:37","2018-09-17 19:26:37","2018-09-17 19:26:37","2018-09-17 19:26:37","2018-09-17 19:26:37","2018-09-17 19:26:37","2018-09-17 19:26:37","2018-09-17 19:26:37","2018-09-17 19:26:37","2018-09-17 19:26:37","2018-09-17 19:26:37","2018-09-17 19:26:37","2018-09-17 19:26:37","2018-09-17 19:26:37","2018-09-17 19:26:37","2018-09-17 19:26:37","2018-09-17 19:26:38","2018-09-17 19:26:38","2018-09-17 19:26:38","2018-09-17 19:26:38","2018-09-17 19:26:38","2018-09-17 19:26:38","2018-09-17 19:26:38","2018-09-17 19:26:38","2018-09-17 19:26:38","2018-09-17 19:26:38","2018-09-17 19:26:38","2018-09-17 19:26:38","2018-09-17 19:26:38","2018-09-17 19:26:38","2018-09-17 19:26:38","2018-09-17 19:26:38"],[" 0.002 sec"," 0.150 sec"," 0.231 sec"," 0.321 sec"," 0.380 sec"," 0.432 sec"," 0.484 sec"," 0.533 sec"," 0.583 sec"," 0.634 sec"," 0.684 sec"," 0.738 sec"," 0.788 sec"," 0.836 sec"," 0.875 sec"," 0.913 sec"," 0.950 sec"," 0.986 sec"," 1.024 sec"," 1.064 sec"," 1.101 sec"," 1.139 sec"," 1.179 sec"," 1.215 sec"," 1.253 sec"," 1.291 sec"," 1.333 sec"," 1.371 sec"," 1.411 sec"," 1.451 sec"," 1.494 sec"," 1.540 sec"," 1.578 sec"," 1.617 sec"," 1.654 sec"," 1.692 sec"," 1.729 sec"," 1.771 sec"," 1.810 sec"," 1.848 sec"," 1.912 sec"," 1.960 sec"," 2.001 sec"," 2.039 sec"," 2.078 sec"," 2.116 sec"," 2.156 sec"," 2.195 sec"," 2.233 sec"," 2.272 sec"," 2.308 sec"," 2.346 sec"," 2.386 sec"," 2.423 sec"," 2.462 sec"," 2.500 sec"," 2.537 sec"," 2.576 sec"," 2.616 sec"," 2.653 sec"," 2.690 sec"," 2.728 sec"," 2.773 sec"," 2.811 sec"," 2.849 sec"," 2.888 sec"," 2.926 sec"," 2.964 sec"," 3.006 sec"," 3.050 sec"," 3.092 sec"," 3.135 sec"," 3.185 sec"," 3.231 sec"," 3.274 sec"," 3.317 sec"," 3.357 sec"," 3.398 sec"," 3.441 sec"," 3.485 sec"," 3.528 sec"," 3.571 sec"," 3.612 sec"," 3.652 sec"," 3.729 sec"," 3.772 sec"," 3.813 sec"," 3.852 sec"," 3.891 sec"," 3.931 sec"," 3.998 sec"," 4.037 sec"," 4.078 sec"," 4.116 sec"," 4.156 sec"," 4.194 sec"," 4.237 sec"," 4.275 sec"," 4.315 sec"," 4.353 sec"," 4.399 sec"],[0,1,2,3,4,5,6,7,8,9,10,11,12,13,14,15,16,17,18,19,20,21,22,23,24,25,26,27,28,29,30,31,32,33,34,35,36,37,38,39,40,41,42,43,44,45,46,47,48,49,50,51,52,53,54,55,56,57,58,59,60,61,62,63,64,65,66,67,68,69,70,71,72,73,74,75,76,77,78,79,80,81,82,83,84,85,86,87,88,89,90,91,92,93,94,95,96,97,98,99,100],[4.392482568037281,4.316440558963418,4.246596339535321,4.182326920824656,4.123111352731913,4.068699055498286,4.018679376875513,3.9722405338301545,3.9297893078534254,3.890323149166344,3.854369056441662,3.821252523146724,3.79012481536774,3.761493429937577,3.7353424477883976,3.710918740834227,3.688462729366192,3.667364258705195,3.6480261825712486,3.630219293183149,3.613894851331885,3.5984549266472996,3.5839590250873052,3.5706057047027855,3.5581602666956433,3.5465659442143913,3.5353548879019008,3.5251040078199822,3.5153960150700856,3.5060330017158163,3.4976985724056475,3.4900252183581917,3.4821869657806253,3.47482290904533,3.4680076354973286,3.461751895562476,3.4555257393786984,3.4488918955389813,3.4430911395583577,3.4375229030803696,3.4318389438660994,3.4271362598411974,3.422020060703115,3.4175038732207104,3.4128066518772147,3.408740796483497,3.404592346547088,3.4006368414190953,3.396909831500739,3.3930268049438896,3.3894234027563614,3.385811785702938,3.3824822879460776,3.3796062949191743,3.376377294802906,3.3733870298125734,3.3703578225741837,3.3678557564130065,3.3648406742658854,3.3620672544583035,3.3594577645875723,3.356979973554169,3.3547727699001175,3.352498719097114,3.3501831762279624,3.347794189709973,3.345659268128851,3.3437247078789167,3.3417674682596923,3.339770221145599,3.3377248319012773,3.3361234737713814,3.334207768368529,3.3326348316890995,3.331018052017094,3.329036233717423,3.327550259586449,3.3260319064830566,3.3246897627219805,3.3228611917931574,3.321196027878992,3.319676485576901,3.3180524326749445,3.3169310731869253,3.315342927086305,3.3141344225726543,3.3127200580074763,3.311171013778526,3.3098584393146337,3.30858837061272,3.307390092959601,3.305870294151233,3.304499453836003,3.3032870518738107,3.3022153108375067,3.301029873815092,3.3000945217581337,3.2989505586451635,3.2978330128221827,3.2969835672114187,3.2958461716924563],[3.525647797197205,3.465934970376988,3.4111965054214792,3.3602461758644777,3.313513573038112,3.270558770808164,3.2309020721116593,3.1939087418803256,3.160185038792926,3.128903524309146,3.1002252520742624,3.0740473718449466,3.0494983657724397,3.026792859160547,3.0060618543054174,2.986895000855457,2.969170591912965,2.9524991967955727,2.937201753086259,2.9230156356189934,2.9100821544379376,2.8978108951062027,2.8860747395406645,2.875281703484481,2.8653303930255234,2.855963827540921,2.8468928278247656,2.838482707898616,2.8305143325820246,2.8228302035970394,2.8161802554678026,2.809904354010565,2.803402176207842,2.79725683003733,2.7916148476187357,2.7863860531583136,2.781239746487203,2.7755673060806068,2.7705670114607073,2.765790658810206,2.7606509132897292,2.756724742566469,2.752147119229539,2.748313908045323,2.743774546272413,2.7402140629474507,2.7365415703474874,2.7331037394042603,2.7296557069616205,2.725892236936628,2.722596538391426,2.7194383575058345,2.716246705181431,2.713596546787164,2.710916113023535,2.708098179251518,2.7053435304442544,2.703028324624336,2.700282457928693,2.6976729452769757,2.695191211696228,2.692908329448306,2.6909350840868793,2.6887945545614236,2.6866704192612025,2.684437934363247,2.6824056246725325,2.6806040268560642,2.678778080382465,2.6769111826353322,2.675082825775021,2.67360782386586,2.671744742907129,2.670268416201419,2.668759787219903,2.666959885797804,2.6655303467596503,2.6641153796376402,2.6629066870373457,2.6611729295009208,2.6597276509556007,2.658417781456653,2.65700301470979,2.6558795053480546,2.6543450470324452,2.6531928058140517,2.6518819553507336,2.650438902867176,2.649166474604174,2.64802339189104,2.646918109940443,2.645620390745591,2.644393076326252,2.643310960179372,2.6422878607484948,2.641171196942818,2.6402392662360037,2.63914444926799,2.6380626518850656,2.6372012101474116,2.636052939136392],[19.293903110511394,18.63165909906442,18.033580470954785,17.49185847265465,17.00004722702678,16.554312004212644,16.14978393412456,15.778694858603272,15.443244004119105,15.134614204939542,14.856160823254989,14.601970845655206,14.365046116066345,14.148832823463557,13.952783202249819,13.770917901074684,13.604757305923497,13.449560606028307,13.308095028725358,13.178492116599164,13.06023599648311,12.948877859112221,12.844762293504749,12.749225098456074,12.660504483491613,12.578129996661316,12.498734183411862,12.426358265948503,12.358009142770637,12.292267409120418,12.233895303408504,12.180276024776143,12.125626064652478,12.07439424922625,12.027076959867772,11.983726186430397,11.940658135508702,11.894855307114467,11.85487659530527,11.816563709202093,11.777518536635986,11.745262943518311,11.71022129585455,11.679332723478556,11.647249243097365,11.619513817610944,11.591249046167007,11.56433092721684,11.538996403346378,11.512630899067739,11.488191003152513,11.463721448204918,11.441186428268932,11.421738708657308,11.399923636860589,11.379740052907696,11.359311852186993,11.342452396004225,11.322152763194097,11.303496223500794,11.285956472047728,11.26931454284375,11.254500337663307,11.23924766154779,11.223727314280877,11.207725936655853,11.193435938416478,11.180494922079946,11.167409811918793,11.154065130050922,11.14040705349041,11.129719832248428,11.116941442649047,11.106454921387432,11.095681262863756,11.082482245403485,11.072590730073841,11.062488242943315,11.05356201834834,11.041406499925042,11.030343055599193,11.020251968892207,11.009471945980117,11.00203174427297,10.991498724181188,10.98348697088098,10.974114182725058,10.963853482487114,10.955162888302304,10.946757006153733,10.93882922700732,10.92877840175156,10.91971664040244,10.91170534707717,10.904625959129651,10.896798227819684,10.890623852538045,10.883074788385235,10.875702580459834,10.87010064246213,10.86260198745982],[4.389699447227363,4.314684633970849,4.245840103119821,4.182711299143414,4.124383481753826,4.070801382193308,4.021677630774614,3.976015243680494,3.93445837494108,3.895780693088371,3.8607619205381876,3.8280944037951,3.7975931433747054,3.7692334530903038,3.7433688301089254,3.7198386226260394,3.697840958313396,3.6774775300789044,3.658636885798338,3.6413935344783743,3.6251896456370436,3.6105205083303225,3.5961190815436312,3.5831968394304505,3.571253124099258,3.559926320299168,3.549302764111297,3.539688722213011,3.5302366145226083,3.5213443569927536,3.5131326171178068,3.505637804364757,3.498066725634507,3.491053971404547,3.4845110064509357,3.478620434546126,3.4724926526825697,3.4662414377920503,3.4604623376276007,3.4553705094667686,3.449945304718175,3.44550233490919,3.4406041683712654,3.4366335926742555,3.431977798846479,3.4282153194008793,3.424330769460389,3.4208262247847188,3.4174491668453806,3.413823699539237,3.4107169792015886,3.4073574453978774,3.4043303821418327,3.401856307604776,3.399180064943548,3.3964438842442544,3.3939484285931054,3.3919891605702244,3.3891910355265837,3.3869079555625348,3.3845303223929784,3.382401618275046,3.380602750940926,3.3786642250832664,3.376778841497032,3.374529513395975,3.37259534299262,3.371013024030647,3.3693360645642842,3.3678854842825108,3.366087372006989,3.3646891149844484,3.3629390177980354,3.3615037470056013,3.3602051253006002,3.358723125725045,3.3574549232208164,3.3563275941146635,3.3551683660345786,3.35372524430609,3.352426801309806,3.3511140984721437,3.349829279905403,3.3489292582167756,3.347774424738541,3.346835982887727,3.345727497856459,3.3444874562626734,3.343502412249425,3.342756449377276,3.341995896243592,3.340781224947749,3.339711526021559,3.338773102434649,3.3379934775089715,3.3371949585529332,3.3363990633554375,3.3356345178065694,3.3348888086965403,3.33419964427242,3.333568297845095],[3.5205772132766646,3.461458524212331,3.4072598115241433,3.3568970256359942,3.310558277703231,3.2680785837197592,3.2289654255528477,3.1924095461705067,3.159218174887835,3.128452190237618,3.1006182151373727,3.075143185624084,3.0513898950580183,3.028963564876609,3.0085170989801977,2.9900016031638126,2.9727202423080437,2.9563723273114393,2.941690779078194,2.92808394737851,2.915231905051412,2.9035769269341567,2.8919775971924886,2.8818156619704314,2.872154022457133,2.862953747945406,2.8545069393382216,2.8466621073133713,2.8389266319083477,2.8315835699908494,2.824970157519014,2.818839863467108,2.8125631598130845,2.8066125211625232,2.8012284745269596,2.796263796759687,2.7912585463503867,2.7858919692290214,2.7810086092245396,2.776456113203341,2.7716305912184667,2.7679272730516886,2.763515625112783,2.7601454803769325,2.7558579251930406,2.7526047444864434,2.7491316678183773,2.7462298693248557,2.7430726551618205,2.7395707147525816,2.736747948570303,2.73384102689391,2.7309668040376196,2.7288148377386485,2.7265651207552146,2.723845586143713,2.721502848978499,2.7197260502108143,2.7172575038446247,2.7151245571340645,2.7127697140168827,2.710737900584291,2.708999119720049,2.707132873696161,2.705473970087603,2.7034715200778807,2.701553000099576,2.7000102131937385,2.6983991732849324,2.696928500305224,2.695371754485888,2.6940592605067315,2.692396097298842,2.6911159730618905,2.689909343027149,2.688527652453256,2.6872502391313806,2.6861902827362547,2.6851630206584605,2.683714572617189,2.6826893730943606,2.681679258816646,2.680577987428166,2.679681487744836,2.6785179276906144,2.6776434104551137,2.6765826505619588,2.675398050527918,2.674371865101451,2.6737432883251926,2.6730794466652226,2.6719801047379854,2.670980715850053,2.6701262600045084,2.6693261408633484,2.668531450181155,2.6677565889577277,2.6670256947888573,2.6662940994055946,2.6656433018709453,2.6649262049291167],[19.269461236988217,18.61650349062416,18.027158181260532,17.495073811981985,17.010539104563815,16.571423893266946,16.173890965872918,15.808697217979658,15.479962704144006,15.177107208640109,14.905482607077715,14.654306764367364,14.421713682606574,14.207120823895055,14.012810198231064,13.83719937838039,13.674027752980136,13.52384098423524,13.38562386212416,13.259746872940909,13.141999966834033,13.035858341073851,12.93207244864221,12.839299590104371,12.753848876388709,12.673075405958773,12.597550111328093,12.529396250161978,12.462570554516047,12.399866080524708,12.342100785457012,12.289496415391355,12.236470816991321,12.18745783125946,12.141816954077713,12.100800127641877,12.05820522293443,12.0148297050667,11.974799590139078,11.939585357692637,11.902122605546984,11.87148633986468,11.837757043413728,11.81045045029716,11.778471611775123,11.752660276174874,11.72604121867318,11.702052060174871,11.678958807972187,11.654192251535763,11.63299031221401,11.61008476070835,11.589465350773958,11.5726263375904,11.554425113909625,11.535831058820198,11.51888593594961,11.505590465425895,11.486615875293756,11.471145499452788,11.45504550319752,11.44064070730965,11.428474959669357,11.41537194585751,11.402635344382038,11.387449436780477,11.37439934757551,11.363728808184247,11.35242551597354,11.342652635240842,11.330544195984919,11.32113284049483,11.309358837428414,11.299707441132696,11.290978484096422,11.281021035280215,11.272503561459699,11.264934919015527,11.257154764439143,11.247473014295942,11.238765458140296,11.229965700978768,11.221356204511551,11.215327176540363,11.20759359893347,11.20131109635206,11.193892489912841,11.185596345098368,11.179008380717722,11.174020679853372,11.168936570509011,11.160819192963382,11.153673077041251,11.147405829541091,11.142200455892437,11.136870191391113,11.13155870995904,11.126457636382666,11.12148336636943,11.116887267866334,11.112677596397845]]},"training_metrics":{"__meta":{"schema_version":3,"schema_name":"ModelMetricsRegressionV3","schema_type":"ModelMetricsRegression"},"model":{"__meta":{"schema_version":3,"schema_name":"ModelKeyV3","schema_type":"Key<Model>"},"name":"InterestRateModel","type":"Key<Model>","URL":"/3/Models/InterestRateModel"},"model_checksum":7363159047697619392,"frame":{"__meta":{"schema_version":3,"schema_name":"FrameKeyV3","schema_type":"Key<Frame>"},"name":"RTMP_sid_b1cf_4","type":"Key<Frame>","URL":"/3/Frames/RTMP_sid_b1cf_4"},"frame_checksum":-8102271895225701536,"description":null,"model_category":"Regression","scoring_time":1537226798643,"predictions":null,"MSE":10.86260198745982,"RMSE":3.2958461716924563,"nobs":131344,"custom_metric_name":null,"custom_metric_value":0.0,"r2":0.4369930270075557,"mean_residual_deviance":10.86260198745982,"mae":2.636052939136392,"rmsle":0.23805564679045385},"validation_metrics":{"__meta":{"schema_version":3,"schema_name":"ModelMetricsRegressionV3","schema_type":"ModelMetricsRegression"},"model":{"__meta":{"schema_version":3,"schema_name":"ModelKeyV3","schema_type":"Key<Model>"},"name":"InterestRateModel","type":"Key<Model>","URL":"/3/Models/InterestRateModel"},"model_checksum":7363159047697619392,"frame":{"__meta":{"schema_version":3,"schema_name":"FrameKeyV3","schema_type":"Key<Frame>"},"name":"RTMP_sid_b1cf_5","type":"Key<Frame>","URL":"/3/Frames/RTMP_sid_b1cf_5"},"frame_checksum":8483573945852096976,"description":null,"model_category":"Regression","scoring_time":1537226798648,"predictions":null,"MSE":11.112677596397845,"RMSE":3.333568297845095,"nobs":32643,"custom_metric_name":null,"custom_metric_value":0.0,"r2":0.42328641836473735,"mean_residual_deviance":11.112677596397845,"mae":2.6649262049291167,"rmsle":0.24004987688404403},"cross_validation_metrics":null,"cross_validation_metrics_summary":null,"status":null,"start_time":1537226794241,"end_time":1537226798650,"run_time":4409,"help":{"validation_metrics":"Validation data model metrics", "cross_validation_metrics_summary":"Cross-validation model metrics summary", "run_time":"Runtime in milliseconds", "status":"Job status", "domains":"Domains for categorical columns", "model_category":"Category of the model (e.g., Binomial)", "__meta":"Metadata on this schema instance, to make it self-describing.", "variable_importances":"Variable Importances", "model_summary":"Model summary", "scoring_history":"Scoring history", "help":"Help information for output fields", "end_time":"End time in milliseconds", "names":"Column names", "cross_validation_fold_assignment_frame_id":"Cross-validation fold assignment (each row is assigned to one holdout fold)", "start_time":"Start time in milliseconds", "training_metrics":"Training data model metrics", "cross_validation_models":"Cross-validation models (model ids)", "cross_validation_metrics":"Cross-validation model metrics", "cross_validation_predictions":"Cross-validation predictions, one per cv model (deprecated, use cross_validation_holdout_predictions_frame_id instead)", "init_f":"The Intercept term, the initial model function value to which trees make adjustments", "cross_validation_holdout_predictions_frame_id":"Cross-validation holdout predictions (full out-of-sample predictions on training data)"},"variable_importances":{"__meta":{"schema_version":3,"schema_name":"TwoDimTableV3","schema_type":"TwoDimTable"},"name":"Variable Importances","description":"","columns":[{"__meta":{"schema_version":-1,"schema_name":"ColumnSpecsBase","schema_type":"Iced"},"name":"variable","type":"string","format":"%s","description":"Variable"},{"__meta":{"schema_version":-1,"schema_name":"ColumnSpecsBase","schema_type":"Iced"},"name":"relative_importance","type":"double","format":"%5f","description":"Relative Importance"},{"__meta":{"schema_version":-1,"schema_name":"ColumnSpecsBase","schema_type":"Iced"},"name":"scaled_importance","type":"double","format":"%5f","description":"Scaled Importance"},{"__meta":{"schema_version":-1,"schema_name":"ColumnSpecsBase","schema_type":"Iced"},"name":"percentage","type":"double","format":"%5f","description":"Percentage"}],"rowcount":13,"data":[["term","revol_util","purpose","delinq_2yrs","loan_amnt","longest_credit_length","verification_status","home_ownership","dti","annual_inc","addr_state","total_acc","emp_length"],[5188762.0,3203326.25,598462.75,492388.5,416479.375,302441.21875,286500.5625,249026.828125,190445.6875,175388.984375,161074.0625,63704.8828125,22279.943359375],[1.0,0.6173584855115729,0.11533825409606377,0.09489517923543227,0.08026565392669774,0.05828774161351012,0.0552155914069676,0.04799349596782431,0.03670349256720582,0.0338017015185896,0.031042869667176873,0.012277472509338451,0.004293884236620411],[0.45714832782237197,0.2822243993185676,0.052726689993967395,0.04338117250588214,0.03669330947415907,0.026646143611158638,0.025241715281418567,0.021940146428040635,0.016778940252339,0.015452391326774166,0.01419119595915774,0.005612626027529214,0.0019629419986338633]]},"init_f":13.711499116823045},"compatible_frames":null}
