{"__meta":{"schema_version":3,"schema_name":"XGBoostModelV3","schema_type":"XGBoostModel"},"model_id":{"__meta":{"schema_version":3,"schema_name":"ModelKeyV3","schema_type":"Key<Model>"},"name":"XGBoost_2_AutoML_20190210_130326","type":"Key<Model>","URL":"/3/Models/XGBoost_2_AutoML_20190210_130326"},"algo":"xgboost","algo_full_name":"XGBoost","response_column_name":"int_rate","data_frame":{"__meta":{"schema_version":3,"schema_name":"FrameKeyV3","schema_type":"Key<Frame>"},"name":"automl_training_train.hex","type":"Key<Frame>","URL":"/3/Frames/automl_training_train.hex"},"timestamp":1549832736130,"have_pojo":false,"have_mojo":true,"algo":"xgboost","algo_full_name":"XGBoost","model_id":{"__meta":{"schema_version":3,"schema_name":"ModelKeyV3","schema_type":"Key<Model>"},"name":"XGBoost_2_AutoML_20190210_130326","type":"Key<Model>","URL":"/3/Models/XGBoost_2_AutoML_20190210_130326"},"parameters":[{"__meta":{"schema_version":3,"schema_name":"ModelParameterSchemaV3","schema_type":"Iced"},"name":"model_id","label":"model_id","help":"Destination id for this model; auto-generated if not specified.","required":false,"type":"Key<Model>","default_value":null,"actual_value":{"__meta":{"schema_version":3,"schema_name":"ModelKeyV3","schema_type":"Key<Model>"},"name":"XGBoost_2_AutoML_20190210_130326","type":"Key<Model>","URL":"/3/Models/XGBoost_2_AutoML_20190210_130326"},"level":"critical","values":[],"is_member_of_frames":[],"is_mutually_exclusive_with":[],"gridable":false},{"__meta":{"schema_version":3,"schema_name":"ModelParameterSchemaV3","schema_type":"Iced"},"name":"training_frame","label":"training_frame","help":"Id of the training data frame.","required":false,"type":"Key<Frame>","default_value":null,"actual_value":{"__meta":{"schema_version":3,"schema_name":"FrameKeyV3","schema_type":"Key<Frame>"},"name":"automl_training_train.hex","type":"Key<Frame>","URL":"/3/Frames/automl_training_train.hex"},"level":"critical","values":[],"is_member_of_frames":[],"is_mutually_exclusive_with":[],"gridable":false},{"__meta":{"schema_version":3,"schema_name":"ModelParameterSchemaV3","schema_type":"Iced"},"name":"validation_frame","label":"validation_frame","help":"Id of the validation data frame.","required":false,"type":"Key<Frame>","default_value":null,"actual_value":{"__meta":{"schema_version":3,"schema_name":"FrameKeyV3","schema_type":"Key<Frame>"},"name":"test.hex","type":"Key<Frame>","URL":"/3/Frames/test.hex"},"level":"critical","values":[],"is_member_of_frames":[],"is_mutually_exclusive_with":[],"gridable":true},{"__meta":{"schema_version":3,"schema_name":"ModelParameterSchemaV3","schema_type":"Iced"},"name":"nfolds","label":"nfolds","help":"Number of folds for K-fold cross-validation (0 to disable or >= 2).","required":false,"type":"int","default_value":0,"actual_value":0,"level":"critical","values":[],"is_member_of_frames":[],"is_mutually_exclusive_with":[],"gridable":false},{"__meta":{"schema_version":3,"schema_name":"ModelParameterSchemaV3","schema_type":"Iced"},"name":"keep_cross_validation_models","label":"keep_cross_validation_models","help":"Whether to keep the cross-validation models.","required":false,"type":"boolean","default_value":true,"actual_value":false,"level":"expert","values":[],"is_member_of_frames":[],"is_mutually_exclusive_with":[],"gridable":false},{"__meta":{"schema_version":3,"schema_name":"ModelParameterSchemaV3","schema_type":"Iced"},"name":"keep_cross_validation_predictions","label":"keep_cross_validation_predictions","help":"Whether to keep the predictions of the cross-validation models.","required":false,"type":"boolean","default_value":false,"actual_value":true,"level":"expert","values":[],"is_member_of_frames":[],"is_mutually_exclusive_with":[],"gridable":false},{"__meta":{"schema_version":3,"schema_name":"ModelParameterSchemaV3","schema_type":"Iced"},"name":"keep_cross_validation_fold_assignment","label":"keep_cross_validation_fold_assignment","help":"Whether to keep the cross-validation fold assignment.","required":false,"type":"boolean","default_value":false,"actual_value":false,"level":"expert","values":[],"is_member_of_frames":[],"is_mutually_exclusive_with":[],"gridable":false},{"__meta":{"schema_version":3,"schema_name":"ModelParameterSchemaV3","schema_type":"Iced"},"name":"score_each_iteration","label":"score_each_iteration","help":"Whether to score during each iteration of model training.","required":false,"type":"boolean","default_value":false,"actual_value":false,"level":"secondary","values":[],"is_member_of_frames":[],"is_mutually_exclusive_with":[],"gridable":false},{"__meta":{"schema_version":3,"schema_name":"ModelParameterSchemaV3","schema_type":"Iced"},"name":"fold_assignment","label":"fold_assignment","help":"Cross-validation fold assignment scheme, if fold_column is not specified. The 'Stratified' option will stratify the folds based on the response variable, for classification problems.","required":false,"type":"enum","default_value":"AUTO","actual_value":"AUTO","level":"secondary","values":["AUTO","Random","Modulo","Stratified"],"is_member_of_frames":[],"is_mutually_exclusive_with":[],"gridable":true},{"__meta":{"schema_version":3,"schema_name":"ModelParameterSchemaV3","schema_type":"Iced"},"name":"fold_column","label":"fold_column","help":"Column with cross-validation fold index assignment per observation.","required":false,"type":"VecSpecifier","default_value":null,"actual_value":null,"level":"secondary","values":[],"is_member_of_frames":["training_frame"],"is_mutually_exclusive_with":["response_column","weights_column","ignored_columns","offset_column"],"gridable":true},{"__meta":{"schema_version":3,"schema_name":"ModelParameterSchemaV3","schema_type":"Iced"},"name":"response_column","label":"response_column","help":"Response variable column.","required":false,"type":"VecSpecifier","default_value":null,"actual_value":{"__meta":{"schema_version":3,"schema_name":"ColSpecifierV3","schema_type":"VecSpecifier"},"column_name":"int_rate","is_member_of_frames":null},"level":"critical","values":[],"is_member_of_frames":["training_frame","validation_frame"],"is_mutually_exclusive_with":["weights_column","ignored_columns","offset_column","fold_column"],"gridable":true},{"__meta":{"schema_version":3,"schema_name":"ModelParameterSchemaV3","schema_type":"Iced"},"name":"ignored_columns","label":"ignored_columns","help":"Names of columns to ignore for training.","required":false,"type":"string[]","default_value":null,"actual_value":["bad_loan"],"level":"critical","values":[],"is_member_of_frames":["training_frame","validation_frame"],"is_mutually_exclusive_with":["response_column","weights_column","offset_column","fold_column"],"gridable":false},{"__meta":{"schema_version":3,"schema_name":"ModelParameterSchemaV3","schema_type":"Iced"},"name":"ignore_const_cols","label":"ignore_const_cols","help":"Ignore constant columns.","required":false,"type":"boolean","default_value":true,"actual_value":true,"level":"critical","values":[],"is_member_of_frames":[],"is_mutually_exclusive_with":[],"gridable":false},{"__meta":{"schema_version":3,"schema_name":"ModelParameterSchemaV3","schema_type":"Iced"},"name":"offset_column","label":"offset_column","help":"Offset column. This will be added to the combination of columns before applying the link function.","required":false,"type":"VecSpecifier","default_value":null,"actual_value":null,"level":"secondary","values":[],"is_member_of_frames":["training_frame","validation_frame"],"is_mutually_exclusive_with":["response_column","weights_column","ignored_columns","fold_column"],"gridable":true},{"__meta":{"schema_version":3,"schema_name":"ModelParameterSchemaV3","schema_type":"Iced"},"name":"weights_column","label":"weights_column","help":"Column with observation weights. Giving some observation a weight of zero is equivalent to excluding it from the dataset; giving an observation a relative weight of 2 is equivalent to repeating that row twice. Negative weights are not allowed. Note: Weights are per-row observation weights and do not increase the size of the data frame. This is typically the number of times a row is repeated, but non-integer values are supported as well. During training, rows with higher weights matter more, due to the larger loss function pre-factor.","required":false,"type":"VecSpecifier","default_value":null,"actual_value":null,"level":"secondary","values":[],"is_member_of_frames":["training_frame","validation_frame"],"is_mutually_exclusive_with":["response_column","ignored_columns","offset_column","fold_column"],"gridable":true},{"__meta":{"schema_version":3,"schema_name":"ModelParameterSchemaV3","schema_type":"Iced"},"name":"stopping_rounds","label":"stopping_rounds","help":"Early stopping based on convergence of stopping_metric. Stop if simple moving average of length k of the stopping_metric does not improve for k:=stopping_rounds scoring events (0 to disable)","required":false,"type":"int","default_value":0,"actual_value":5,"level":"secondary","values":[],"is_member_of_frames":[],"is_mutually_exclusive_with":[],"gridable":true},{"__meta":{"schema_version":3,"schema_name":"ModelParameterSchemaV3","schema_type":"Iced"},"name":"stopping_metric","label":"stopping_metric","help":"Metric to use for early stopping (AUTO: logloss for classification, deviance for regression)","required":false,"type":"enum","default_value":"AUTO","actual_value":"deviance","level":"secondary","values":["AUTO","deviance","logloss","MSE","RMSE","MAE","RMSLE","AUC","lift_top_group","misclassification","mean_per_class_error","custom","custom_increasing"],"is_member_of_frames":[],"is_mutually_exclusive_with":[],"gridable":true},{"__meta":{"schema_version":3,"schema_name":"ModelParameterSchemaV3","schema_type":"Iced"},"name":"stopping_tolerance","label":"stopping_tolerance","help":"Relative tolerance for metric-based stopping criterion (stop if relative improvement is not at least this much)","required":false,"type":"double","default_value":0.001,"actual_value":0.0027592743312213927,"level":"secondary","values":[],"is_member_of_frames":[],"is_mutually_exclusive_with":[],"gridable":true},{"__meta":{"schema_version":3,"schema_name":"ModelParameterSchemaV3","schema_type":"Iced"},"name":"max_runtime_secs","label":"max_runtime_secs","help":"Maximum allowed runtime in seconds for model training. Use 0 to disable.","required":false,"type":"double","default_value":0.0,"actual_value":3525.0,"level":"secondary","values":[],"is_member_of_frames":[],"is_mutually_exclusive_with":[],"gridable":true},{"__meta":{"schema_version":3,"schema_name":"ModelParameterSchemaV3","schema_type":"Iced"},"name":"seed","label":"seed","help":"Seed for pseudo random number generator (if applicable)","required":false,"type":"long","default_value":-1,"actual_value":-729182851864895363,"level":"critical","values":[],"is_member_of_frames":[],"is_mutually_exclusive_with":[],"gridable":true},{"__meta":{"schema_version":3,"schema_name":"ModelParameterSchemaV3","schema_type":"Iced"},"name":"distribution","label":"distribution","help":"Distribution function","required":false,"type":"enum","default_value":"AUTO","actual_value":"AUTO","level":"secondary","values":["AUTO","bernoulli","quasibinomial","ordinal","multinomial","gaussian","poisson","gamma","tweedie","laplace","quantile","huber"],"is_member_of_frames":[],"is_mutually_exclusive_with":[],"gridable":true},{"__meta":{"schema_version":3,"schema_name":"ModelParameterSchemaV3","schema_type":"Iced"},"name":"tweedie_power","label":"tweedie_power","help":"Tweedie power for Tweedie regression, must be between 1 and 2.","required":false,"type":"double","default_value":1.5,"actual_value":1.5,"level":"secondary","values":[],"is_member_of_frames":[],"is_mutually_exclusive_with":[],"gridable":true},{"__meta":{"schema_version":3,"schema_name":"ModelParameterSchemaV3","schema_type":"Iced"},"name":"categorical_encoding","label":"categorical_encoding","help":"Encoding scheme for categorical features","required":false,"type":"enum","default_value":"AUTO","actual_value":"AUTO","level":"secondary","values":["AUTO","Enum","OneHotInternal","OneHotExplicit","Binary","Eigen","LabelEncoder","SortByResponse","EnumLimited"],"is_member_of_frames":[],"is_mutually_exclusive_with":[],"gridable":true},{"__meta":{"schema_version":3,"schema_name":"ModelParameterSchemaV3","schema_type":"Iced"},"name":"quiet_mode","label":"quiet_mode","help":"Enable quiet mode","required":false,"type":"boolean","default_value":true,"actual_value":true,"level":"expert","values":[],"is_member_of_frames":[],"is_mutually_exclusive_with":[],"gridable":false},{"__meta":{"schema_version":3,"schema_name":"ModelParameterSchemaV3","schema_type":"Iced"},"name":"export_checkpoints_dir","label":"export_checkpoints_dir","help":"Automatically export generated models to this directory.","required":false,"type":"string","default_value":null,"actual_value":null,"level":"secondary","values":[],"is_member_of_frames":[],"is_mutually_exclusive_with":[],"gridable":false},{"__meta":{"schema_version":3,"schema_name":"ModelParameterSchemaV3","schema_type":"Iced"},"name":"ntrees","label":"ntrees","help":"(same as n_estimators) Number of trees.","required":false,"type":"int","default_value":50,"actual_value":10000,"level":"critical","values":[],"is_member_of_frames":[],"is_mutually_exclusive_with":[],"gridable":true},{"__meta":{"schema_version":3,"schema_name":"ModelParameterSchemaV3","schema_type":"Iced"},"name":"max_depth","label":"max_depth","help":"Maximum tree depth.","required":false,"type":"int","default_value":6,"actual_value":20,"level":"critical","values":[],"is_member_of_frames":[],"is_mutually_exclusive_with":[],"gridable":true},{"__meta":{"schema_version":3,"schema_name":"ModelParameterSchemaV3","schema_type":"Iced"},"name":"min_rows","label":"min_rows","help":"(same as min_child_weight) Fewest allowed (weighted) observations in a leaf.","required":false,"type":"double","default_value":1.0,"actual_value":10.0,"level":"critical","values":[],"is_member_of_frames":[],"is_mutually_exclusive_with":[],"gridable":true},{"__meta":{"schema_version":3,"schema_name":"ModelParameterSchemaV3","schema_type":"Iced"},"name":"min_child_weight","label":"min_child_weight","help":"(same as min_rows) Fewest allowed (weighted) observations in a leaf.","required":false,"type":"double","default_value":1.0,"actual_value":1.0,"level":"critical","values":[],"is_member_of_frames":[],"is_mutually_exclusive_with":[],"gridable":true},{"__meta":{"schema_version":3,"schema_name":"ModelParameterSchemaV3","schema_type":"Iced"},"name":"learn_rate","label":"learn_rate","help":"(same as eta) Learning rate (from 0.0 to 1.0)","required":false,"type":"double","default_value":0.3,"actual_value":0.05,"level":"critical","values":[],"is_member_of_frames":[],"is_mutually_exclusive_with":[],"gridable":true},{"__meta":{"schema_version":3,"schema_name":"ModelParameterSchemaV3","schema_type":"Iced"},"name":"eta","label":"eta","help":"(same as learn_rate) Learning rate (from 0.0 to 1.0)","required":false,"type":"double","default_value":0.3,"actual_value":0.3,"level":"critical","values":[],"is_member_of_frames":[],"is_mutually_exclusive_with":[],"gridable":true},{"__meta":{"schema_version":3,"schema_name":"ModelParameterSchemaV3","schema_type":"Iced"},"name":"sample_rate","label":"sample_rate","help":"(same as subsample) Row sample rate per tree (from 0.0 to 1.0)","required":false,"type":"double","default_value":1.0,"actual_value":0.6,"level":"critical","values":[],"is_member_of_frames":[],"is_mutually_exclusive_with":[],"gridable":true},{"__meta":{"schema_version":3,"schema_name":"ModelParameterSchemaV3","schema_type":"Iced"},"name":"subsample","label":"subsample","help":"(same as sample_rate) Row sample rate per tree (from 0.0 to 1.0)","required":false,"type":"double","default_value":1.0,"actual_value":1.0,"level":"critical","values":[],"is_member_of_frames":[],"is_mutually_exclusive_with":[],"gridable":true},{"__meta":{"schema_version":3,"schema_name":"ModelParameterSchemaV3","schema_type":"Iced"},"name":"col_sample_rate","label":"col_sample_rate","help":"(same as colsample_bylevel) Column sample rate (from 0.0 to 1.0)","required":false,"type":"double","default_value":1.0,"actual_value":0.8,"level":"critical","values":[],"is_member_of_frames":[],"is_mutually_exclusive_with":[],"gridable":true},{"__meta":{"schema_version":3,"schema_name":"ModelParameterSchemaV3","schema_type":"Iced"},"name":"colsample_bylevel","label":"colsample_bylevel","help":"(same as col_sample_rate) Column sample rate (from 0.0 to 1.0)","required":false,"type":"double","default_value":1.0,"actual_value":1.0,"level":"critical","values":[],"is_member_of_frames":[],"is_mutually_exclusive_with":[],"gridable":true},{"__meta":{"schema_version":3,"schema_name":"ModelParameterSchemaV3","schema_type":"Iced"},"name":"col_sample_rate_per_tree","label":"col_sample_rate_per_tree","help":"(same as colsample_bytree) Column sample rate per tree (from 0.0 to 1.0)","required":false,"type":"double","default_value":1.0,"actual_value":0.8,"level":"secondary","values":[],"is_member_of_frames":[],"is_mutually_exclusive_with":[],"gridable":true},{"__meta":{"schema_version":3,"schema_name":"ModelParameterSchemaV3","schema_type":"Iced"},"name":"colsample_bytree","label":"colsample_bytree","help":"(same as col_sample_rate_per_tree) Column sample rate per tree (from 0.0 to 1.0)","required":false,"type":"double","default_value":1.0,"actual_value":1.0,"level":"secondary","values":[],"is_member_of_frames":[],"is_mutually_exclusive_with":[],"gridable":true},{"__meta":{"schema_version":3,"schema_name":"ModelParameterSchemaV3","schema_type":"Iced"},"name":"max_abs_leafnode_pred","label":"max_abs_leafnode_pred","help":"(same as max_delta_step) Maximum absolute value of a leaf node prediction","required":false,"type":"float","default_value":0.0,"actual_value":0.0,"level":"expert","values":[],"is_member_of_frames":[],"is_mutually_exclusive_with":[],"gridable":true},{"__meta":{"schema_version":3,"schema_name":"ModelParameterSchemaV3","schema_type":"Iced"},"name":"max_delta_step","label":"max_delta_step","help":"(same as max_abs_leafnode_pred) Maximum absolute value of a leaf node prediction","required":false,"type":"float","default_value":0.0,"actual_value":0.0,"level":"expert","values":[],"is_member_of_frames":[],"is_mutually_exclusive_with":[],"gridable":true},{"__meta":{"schema_version":3,"schema_name":"ModelParameterSchemaV3","schema_type":"Iced"},"name":"monotone_constraints","label":"monotone_constraints","help":"A mapping representing monotonic constraints. Use +1 to enforce an increasing constraint and -1 to specify a decreasing constraint.","required":false,"type":"KeyValue[]","default_value":null,"actual_value":null,"level":"secondary","values":[],"is_member_of_frames":[],"is_mutually_exclusive_with":[],"gridable":false},{"__meta":{"schema_version":3,"schema_name":"ModelParameterSchemaV3","schema_type":"Iced"},"name":"score_tree_interval","label":"score_tree_interval","help":"Score the model after every so many trees. Disabled if set to 0.","required":false,"type":"int","default_value":0,"actual_value":5,"level":"secondary","values":[],"is_member_of_frames":[],"is_mutually_exclusive_with":[],"gridable":false},{"__meta":{"schema_version":3,"schema_name":"ModelParameterSchemaV3","schema_type":"Iced"},"name":"min_split_improvement","label":"min_split_improvement","help":"(same as gamma) Minimum relative improvement in squared error reduction for a split to happen","required":false,"type":"float","default_value":0.0,"actual_value":0.0,"level":"secondary","values":[],"is_member_of_frames":[],"is_mutually_exclusive_with":[],"gridable":true},{"__meta":{"schema_version":3,"schema_name":"ModelParameterSchemaV3","schema_type":"Iced"},"name":"gamma","label":"gamma","help":"(same as min_split_improvement) Minimum relative improvement in squared error reduction for a split to happen","required":false,"type":"float","default_value":0.0,"actual_value":0.0,"level":"secondary","values":[],"is_member_of_frames":[],"is_mutually_exclusive_with":[],"gridable":true},{"__meta":{"schema_version":3,"schema_name":"ModelParameterSchemaV3","schema_type":"Iced"},"name":"nthread","label":"nthread","help":"Number of parallel threads that can be used to run XGBoost. Cannot exceed H2O cluster limits (-nthreads parameter). Defaults to maximum available","required":false,"type":"int","default_value":-1,"actual_value":-1,"level":"expert","values":[],"is_member_of_frames":[],"is_mutually_exclusive_with":[],"gridable":false},{"__meta":{"schema_version":3,"schema_name":"ModelParameterSchemaV3","schema_type":"Iced"},"name":"max_bins","label":"max_bins","help":"For tree_method=hist only: maximum number of bins","required":false,"type":"int","default_value":256,"actual_value":256,"level":"expert","values":[],"is_member_of_frames":[],"is_mutually_exclusive_with":[],"gridable":true},{"__meta":{"schema_version":3,"schema_name":"ModelParameterSchemaV3","schema_type":"Iced"},"name":"max_leaves","label":"max_leaves","help":"For tree_method=hist only: maximum number of leaves","required":false,"type":"int","default_value":0,"actual_value":0,"level":"secondary","values":[],"is_member_of_frames":[],"is_mutually_exclusive_with":[],"gridable":true},{"__meta":{"schema_version":3,"schema_name":"ModelParameterSchemaV3","schema_type":"Iced"},"name":"min_sum_hessian_in_leaf","label":"min_sum_hessian_in_leaf","help":"For tree_method=hist only: the mininum sum of hessian in a leaf to keep splitting","required":false,"type":"float","default_value":100.0,"actual_value":100.0,"level":"expert","values":[],"is_member_of_frames":[],"is_mutually_exclusive_with":[],"gridable":true},{"__meta":{"schema_version":3,"schema_name":"ModelParameterSchemaV3","schema_type":"Iced"},"name":"min_data_in_leaf","label":"min_data_in_leaf","help":"For tree_method=hist only: the mininum data in a leaf to keep splitting","required":false,"type":"float","default_value":0.0,"actual_value":0.0,"level":"expert","values":[],"is_member_of_frames":[],"is_mutually_exclusive_with":[],"gridable":true},{"__meta":{"schema_version":3,"schema_name":"ModelParameterSchemaV3","schema_type":"Iced"},"name":"sample_type","label":"sample_type","help":"For booster=dart only: sample_type","required":false,"type":"enum","default_value":"uniform","actual_value":"uniform","level":"expert","values":["uniform","weighted"],"is_member_of_frames":[],"is_mutually_exclusive_with":[],"gridable":true},{"__meta":{"schema_version":3,"schema_name":"ModelParameterSchemaV3","schema_type":"Iced"},"name":"normalize_type","label":"normalize_type","help":"For booster=dart only: normalize_type","required":false,"type":"enum","default_value":"tree","actual_value":"tree","level":"expert","values":["tree","forest"],"is_member_of_frames":[],"is_mutually_exclusive_with":[],"gridable":true},{"__meta":{"schema_version":3,"schema_name":"ModelParameterSchemaV3","schema_type":"Iced"},"name":"rate_drop","label":"rate_drop","help":"For booster=dart only: rate_drop (0..1)","required":false,"type":"float","default_value":0.0,"actual_value":0.0,"level":"expert","values":[],"is_member_of_frames":[],"is_mutually_exclusive_with":[],"gridable":true},{"__meta":{"schema_version":3,"schema_name":"ModelParameterSchemaV3","schema_type":"Iced"},"name":"one_drop","label":"one_drop","help":"For booster=dart only: one_drop","required":false,"type":"boolean","default_value":false,"actual_value":false,"level":"expert","values":[],"is_member_of_frames":[],"is_mutually_exclusive_with":[],"gridable":true},{"__meta":{"schema_version":3,"schema_name":"ModelParameterSchemaV3","schema_type":"Iced"},"name":"skip_drop","label":"skip_drop","help":"For booster=dart only: skip_drop (0..1)","required":false,"type":"float","default_value":0.0,"actual_value":0.0,"level":"expert","values":[],"is_member_of_frames":[],"is_mutually_exclusive_with":[],"gridable":true},{"__meta":{"schema_version":3,"schema_name":"ModelParameterSchemaV3","schema_type":"Iced"},"name":"tree_method","label":"tree_method","help":"Tree method","required":false,"type":"enum","default_value":"auto","actual_value":"auto","level":"secondary","values":["auto","exact","approx","hist"],"is_member_of_frames":[],"is_mutually_exclusive_with":[],"gridable":true},{"__meta":{"schema_version":3,"schema_name":"ModelParameterSchemaV3","schema_type":"Iced"},"name":"grow_policy","label":"grow_policy","help":"Grow policy - depthwise is standard GBM, lossguide is LightGBM","required":false,"type":"enum","default_value":"depthwise","actual_value":"depthwise","level":"secondary","values":["depthwise","lossguide"],"is_member_of_frames":[],"is_mutually_exclusive_with":[],"gridable":true},{"__meta":{"schema_version":3,"schema_name":"ModelParameterSchemaV3","schema_type":"Iced"},"name":"booster","label":"booster","help":"Booster type","required":false,"type":"enum","default_value":"gbtree","actual_value":"gbtree","level":"expert","values":["gbtree","gblinear","dart"],"is_member_of_frames":[],"is_mutually_exclusive_with":[],"gridable":true},{"__meta":{"schema_version":3,"schema_name":"ModelParameterSchemaV3","schema_type":"Iced"},"name":"reg_lambda","label":"reg_lambda","help":"L2 regularization","required":false,"type":"float","default_value":1.0,"actual_value":1.0,"level":"expert","values":[],"is_member_of_frames":[],"is_mutually_exclusive_with":[],"gridable":true},{"__meta":{"schema_version":3,"schema_name":"ModelParameterSchemaV3","schema_type":"Iced"},"name":"reg_alpha","label":"reg_alpha","help":"L1 regularization","required":false,"type":"float","default_value":0.0,"actual_value":0.0,"level":"expert","values":[],"is_member_of_frames":[],"is_mutually_exclusive_with":[],"gridable":true},{"__meta":{"schema_version":3,"schema_name":"ModelParameterSchemaV3","schema_type":"Iced"},"name":"dmatrix_type","label":"dmatrix_type","help":"Type of DMatrix. For sparse, NAs and 0 are treated equally.","required":false,"type":"enum","default_value":"auto","actual_value":"auto","level":"secondary","values":["auto","dense","sparse"],"is_member_of_frames":[],"is_mutually_exclusive_with":[],"gridable":true},{"__meta":{"schema_version":3,"schema_name":"ModelParameterSchemaV3","schema_type":"Iced"},"name":"backend","label":"backend","help":"Backend. By default (auto), a GPU is used if available.","required":false,"type":"enum","default_value":"auto","actual_value":"auto","level":"expert","values":["auto","gpu","cpu"],"is_member_of_frames":[],"is_mutually_exclusive_with":[],"gridable":true},{"__meta":{"schema_version":3,"schema_name":"ModelParameterSchemaV3","schema_type":"Iced"},"name":"gpu_id","label":"gpu_id","help":"Which GPU to use. ","required":false,"type":"int","default_value":0,"actual_value":0,"level":"expert","values":[],"is_member_of_frames":[],"is_mutually_exclusive_with":[],"gridable":false}],"output":{"__meta":{"schema_version":3,"schema_name":"XGBoostModelOutputV3","schema_type":"XGBoostOutput"},"names":["addr_state","purpose","home_ownership","term","verification_status","loan_amnt","emp_length","annual_inc","dti","delinq_2yrs","revol_util","total_acc","longest_credit_length","int_rate"],"domains":[["AK","AL","AR","AZ","CA","CO","CT","DC","DE","FL","GA","HI","IA","ID","IL","IN","KS","KY","LA","MA","MD","ME","MI","MN","MO","MS","MT","NC","NE","NH","NJ","NM","NV","NY","OH","OK","OR","PA","RI","SC","SD","TN","TX","UT","VA","VT","WA","WI","WV","WY"],["car","credit_card","debt_consolidation","educational","home_improvement","house","major_purchase","medical","moving","other","renewable_energy","small_business","vacation","wedding"],["ANY","MORTGAGE","NONE","OTHER","OWN","RENT"],["36 months","60 months"],["not verified","verified"],null,null,null,null,null,null,null,null,null],"cross_validation_models":null,"cross_validation_predictions":null,"cross_validation_holdout_predictions_frame_id":null,"cross_validation_fold_assignment_frame_id":null,"model_category":"Regression","model_summary":{"__meta":{"schema_version":3,"schema_name":"TwoDimTableV3","schema_type":"TwoDimTable"},"name":"Model Summary","description":"","columns":[{"__meta":{"schema_version":-1,"schema_name":"ColumnSpecsBase","schema_type":"Iced"},"name":"","type":"string","format":"%s","description":""},{"__meta":{"schema_version":-1,"schema_name":"ColumnSpecsBase","schema_type":"Iced"},"name":"number_of_trees","type":"long","format":"%d","description":"Number of Trees"}],"rowcount":1,"data":[[""],[170]]},"scoring_history":{"__meta":{"schema_version":3,"schema_name":"TwoDimTableV3","schema_type":"TwoDimTable"},"name":"Scoring History","description":"","columns":[{"__meta":{"schema_version":-1,"schema_name":"ColumnSpecsBase","schema_type":"Iced"},"name":"","type":"string","format":"%s","description":""},{"__meta":{"schema_version":-1,"schema_name":"ColumnSpecsBase","schema_type":"Iced"},"name":"timestamp","type":"string","format":"%s","description":"Timestamp"},{"__meta":{"schema_version":-1,"schema_name":"ColumnSpecsBase","schema_type":"Iced"},"name":"duration","type":"string","format":"%s","description":"Duration"},{"__meta":{"schema_version":-1,"schema_name":"ColumnSpecsBase","schema_type":"Iced"},"name":"number_of_trees","type":"long","format":"%d","description":"Number of Trees"},{"__meta":{"schema_version":-1,"schema_name":"ColumnSpecsBase","schema_type":"Iced"},"name":"training_rmse","type":"double","format":"%.5f","description":"Training RMSE"},{"__meta":{"schema_version":-1,"schema_name":"ColumnSpecsBase","schema_type":"Iced"},"name":"training_mae","type":"double","format":"%.5f","description":"Training MAE"},{"__meta":{"schema_version":-1,"schema_name":"ColumnSpecsBase","schema_type":"Iced"},"name":"training_deviance","type":"double","format":"%.5f","description":"Training Deviance"},{"__meta":{"schema_version":-1,"schema_name":"ColumnSpecsBase","schema_type":"Iced"},"name":"validation_rmse","type":"double","format":"%.5f","description":"Validation RMSE"},{"__meta":{"schema_version":-1,"schema_name":"ColumnSpecsBase","schema_type":"Iced"},"name":"validation_mae","type":"double","format":"%.5f","description":"Validation MAE"},{"__meta":{"schema_version":-1,"schema_name":"ColumnSpecsBase","schema_type":"Iced"},"name":"validation_deviance","type":"double","format":"%.5f","description":"Validation Deviance"}],"rowcount":35,"data":[["","","","","","","","","","","","","","","","","","","","","","","","","","","","","","","","","","",""],["2019-02-10 13:04:41","2019-02-10 13:04:42","2019-02-10 13:04:43","2019-02-10 13:04:44","2019-02-10 13:04:45","2019-02-10 13:04:46","2019-02-10 13:04:47","2019-02-10 13:04:49","2019-02-10 13:04:50","2019-02-10 13:04:51","2019-02-10 13:04:52","2019-02-10 13:04:54","2019-02-10 13:04:55","2019-02-10 13:04:56","2019-02-10 13:04:57","2019-02-10 13:04:59","2019-02-10 13:05:00","2019-02-10 13:05:02","2019-02-10 13:05:03","2019-02-10 13:05:05","2019-02-10 13:05:06","2019-02-10 13:05:08","2019-02-10 13:05:10","2019-02-10 13:05:11","2019-02-10 13:05:13","2019-02-10 13:05:15","2019-02-10 13:05:17","2019-02-10 13:05:19","2019-02-10 13:05:21","2019-02-10 13:05:23","2019-02-10 13:05:25","2019-02-10 13:05:27","2019-02-10 13:05:29","2019-02-10 13:05:31","2019-02-10 13:05:33"],[" 0.001 sec"," 1.007 sec"," 1.917 sec"," 2.908 sec"," 3.896 sec"," 4.960 sec"," 6.130 sec"," 7.387 sec"," 8.547 sec"," 9.816 sec","11.140 sec","12.424 sec","13.714 sec","14.851 sec","16.192 sec","17.658 sec","19.082 sec","20.605 sec","22.086 sec","23.571 sec","25.139 sec","26.668 sec","28.411 sec","30.085 sec","31.840 sec","33.738 sec","35.683 sec","37.555 sec","39.366 sec","41.310 sec","43.302 sec","45.294 sec","47.355 sec","49.577 sec","51.752 sec"],[0,5,10,15,20,25,30,35,40,45,50,55,60,65,70,75,80,85,90,95,100,105,110,115,120,125,130,135,140,145,150,155,160,165,170],[13.922557648086018,10.999139917665293,8.792030363847186,7.129580043555929,5.9096864166986585,5.028043243626059,4.407699649409779,3.977145026452723,3.689074205006158,3.4970587000906757,3.3708644948029525,3.2864390274121997,3.229230566044314,3.1918339769183017,3.1637057728692235,3.1414898501145765,3.124594991369731,3.110286731990242,3.097722585177955,3.0887959596623515,3.07871612174676,3.069297948860163,3.0591829076312482,3.0508511914834866,3.0421933001635977,3.0346655401524987,3.027268039963025,3.019522813974408,3.0130068534970738,3.005443081977737,2.9983212428643706,2.991226386624565,2.985338279032507,2.978129556781519,2.9727442112075697],[13.211499095627445,10.230170245053294,7.924445188730567,6.1608087081597835,4.899658313225503,4.0466425402589365,3.4827062384134555,3.1113269998488784,2.8772868003329983,2.731479541576363,2.640305123915552,2.5817101184387186,2.54486940359137,2.5221661170110705,2.5051095645281616,2.491066286702266,2.4803596863627275,2.471152468344982,2.4627684689254994,2.4569816069294235,2.4494665660039416,2.442438629058671,2.4348743544569955,2.428534882740121,2.421944697317971,2.4160700910513113,2.410308433800322,2.40414506027797,2.3988328987780405,2.392556204954415,2.3866132047612303,2.3807187502749265,2.3760966295257298,2.3700547887087016,2.365713333521564],[193.83761146427847,120.98107892837807,77.29979791881087,50.830911597470966,34.924393543712625,25.281218859773663,19.427816199407093,15.81768256143763,13.609268490041817,12.229419551879888,11.362727442323164,10.800681480898046,10.427930048674881,10.187804136210103,10.00903421728605,9.868958478372905,9.763093860092807,9.67388355519454,9.595885214721594,9.540660480426467,9.47849295830341,9.420589898877203,9.358600062343177,9.30769299257621,9.254940075560281,9.209194940589056,9.164351785781577,9.117518024111929,9.078210299220338,9.03268811900784,8.989930275411744,8.947435296039052,8.912244640256771,8.869255656975689,8.837208145268116],[13.942664091058464,11.021301383008366,8.819396089640946,7.164869650858484,5.955079982227433,5.087072586562912,4.4829954002074475,4.069939869039021,3.7982919809589144,3.621697532858282,3.508768751155956,3.4374018699627418,3.3921372816663484,3.3630988261878527,3.34439013696229,3.331640795832488,3.32322777491634,3.3175488226352674,3.3131684675208155,3.309945165783293,3.307375478763345,3.3056548586784977,3.3029589786745213,3.302099435022818,3.300727359560329,3.3001400527988234,3.2993732692399322,3.2983778730104127,3.297188153846122,3.296346770866147,3.29523217629525,3.2938451593737383,3.293789368130536,3.2934926807523355,3.293320186851145],[13.233628013783093,10.250503772333388,7.9446029129468885,6.1829476759969335,4.926894597744557,4.087318334648708,3.537862729051916,3.178858969633228,2.957912370963807,2.8262685711716946,2.747707289113859,2.7004688849611447,2.673212442934756,2.6573526538426657,2.647816200085146,2.6414600466446077,2.6374683462952264,2.635290590369869,2.6334327329582976,2.6324137002964636,2.631172014481333,2.630508952100929,2.628924992374976,2.628236960003314,2.6269680119516132,2.626587516656822,2.6258692661636336,2.6248684101959574,2.624120725719301,2.623308315860821,2.622286949205044,2.6208557301364035,2.6208439189400323,2.620366066521707,2.620072460618633],[194.39788195609114,121.4690841751021,77.78174738597403,51.33535711379297,35.462977594725885,25.878307500959878,20.09724775828113,16.564410537593364,14.427021972616794,13.116693019511768,12.311458149088526,11.815731615623353,11.506595337670765,11.310433714706113,11.184945388210647,11.099830392455333,11.04384284397541,11.00613019056865,10.97708529417423,10.955737000492189,10.938732557525064,10.927354044704758,10.909538014806637,10.903860678778013,10.894801102150101,10.89092436808702,10.885863969774999,10.879296593164694,10.871449721863197,10.865902033799674,10.85855509569153,10.849415933929807,10.849048401609755,10.847094038169205,10.84595785312126]]},"training_metrics":{"__meta":{"schema_version":3,"schema_name":"ModelMetricsRegressionV3","schema_type":"ModelMetricsRegression"},"model":{"__meta":{"schema_version":3,"schema_name":"ModelKeyV3","schema_type":"Key<Model>"},"name":"XGBoost_2_AutoML_20190210_130326","type":"Key<Model>","URL":"/3/Models/XGBoost_2_AutoML_20190210_130326"},"model_checksum":3676708160187149760,"frame":{"__meta":{"schema_version":3,"schema_name":"FrameKeyV3","schema_type":"Key<Frame>"},"name":"automl_training_train.hex","type":"Key<Frame>","URL":"/3/Frames/automl_training_train.hex"},"frame_checksum":-8102240700362539296,"description":null,"model_category":"Regression","scoring_time":1549832735640,"predictions":null,"MSE":8.837208145268116,"RMSE":2.9727442112075697,"nobs":131344,"custom_metric_name":null,"custom_metric_value":0.0,"r2":0.5419688751078837,"mean_residual_deviance":8.837208145268116,"mae":2.365713333521564,"rmsle":0.21578175538490527},"validation_metrics":{"__meta":{"schema_version":3,"schema_name":"ModelMetricsRegressionV3","schema_type":"ModelMetricsRegression"},"model":{"__meta":{"schema_version":3,"schema_name":"ModelKeyV3","schema_type":"Key<Model>"},"name":"XGBoost_2_AutoML_20190210_130326","type":"Key<Model>","URL":"/3/Models/XGBoost_2_AutoML_20190210_130326"},"model_checksum":3676708160187149760,"frame":{"__meta":{"schema_version":3,"schema_name":"FrameKeyV3","schema_type":"Key<Frame>"},"name":"test.hex","type":"Key<Frame>","URL":"/3/Frames/test.hex"},"frame_checksum":8732926866374376497,"description":null,"model_category":"Regression","scoring_time":1549832735925,"predictions":null,"MSE":10.84595785312126,"RMSE":3.293320186851145,"nobs":32643,"custom_metric_name":null,"custom_metric_value":0.0,"r2":0.437128347738063,"mean_residual_deviance":10.84595785312126,"mae":2.620072460618633,"rmsle":0.23614443347451036},"cross_validation_metrics":null,"cross_validation_metrics_summary":null,"status":null,"start_time":1549832681804,"end_time":1549832736129,"run_time":54325,"help":{"validation_metrics":"Validation data model metrics", "cross_validation_metrics_summary":"Cross-validation model metrics summary", "variable_importances_frequency":"Variable Importances - Frequency", "run_time":"Runtime in milliseconds", "status":"Job status", "domains":"Domains for categorical columns", "model_category":"Category of the model (e.g., Binomial)", "__meta":"Metadata on this schema instance, to make it self-describing.", "variable_importances":"Variable Importances", "native_parameters":"XGBoost Native Parameters", "model_summary":"Model summary", "variable_importances_cover":"Variable Importances - Cover", "scoring_history":"Scoring history", "help":"Help information for output fields", "end_time":"End time in milliseconds", "names":"Column names", "cross_validation_fold_assignment_frame_id":"Cross-validation fold assignment (each row is assigned to one holdout fold)", "start_time":"Start time in milliseconds", "training_metrics":"Training data model metrics", "cross_validation_models":"Cross-validation models (model ids)", "cross_validation_metrics":"Cross-validation model metrics", "sparse":"Sparse", "cross_validation_predictions":"Cross-validation predictions, one per cv model (deprecated, use cross_validation_holdout_predictions_frame_id instead)", "cross_validation_holdout_predictions_frame_id":"Cross-validation holdout predictions (full out-of-sample predictions on training data)"},"variable_importances":{"__meta":{"schema_version":3,"schema_name":"TwoDimTableV3","schema_type":"TwoDimTable"},"name":"Variable Importances","description":"","columns":[{"__meta":{"schema_version":-1,"schema_name":"ColumnSpecsBase","schema_type":"Iced"},"name":"variable","type":"string","format":"%s","description":"Variable"},{"__meta":{"schema_version":-1,"schema_name":"ColumnSpecsBase","schema_type":"Iced"},"name":"relative_importance","type":"double","format":"%5f","description":"Relative Importance"},{"__meta":{"schema_version":-1,"schema_name":"ColumnSpecsBase","schema_type":"Iced"},"name":"scaled_importance","type":"double","format":"%5f","description":"Scaled Importance"},{"__meta":{"schema_version":-1,"schema_name":"ColumnSpecsBase","schema_type":"Iced"},"name":"percentage","type":"double","format":"%5f","description":"Percentage"}],"rowcount":76,"data":[["term.36months","revol_util","term.60months","loan_amnt","dti","annual_inc","longest_credit_length","delinq_2yrs","total_acc","emp_length","verification_status.notverified","home_ownership.MORTGAGE","purpose.credit_card","purpose.other","home_ownership.RENT","verification_status.verified","purpose.small_business","purpose.debt_consolidation","purpose.car","purpose.moving","purpose.major_purchase","purpose.medical","addr_state.CA","home_ownership.OWN","addr_state.MA","addr_state.FL","purpose.home_improvement","addr_state.NY","purpose.vacation","addr_state.TN","purpose.house","addr_state.TX","addr_state.IN","addr_state.GA","addr_state.OH","addr_state.NJ","addr_state.PA","addr_state.IL","addr_state.MI","addr_state.VA","purpose.wedding","addr_state.NC","addr_state.CO","addr_state.NV","addr_state.AZ","addr_state.MD","addr_state.CT","addr_state.WA","addr_state.AL","addr_state.MO","addr_state.LA","addr_state.MN","addr_state.OR","addr_state.SC","addr_state.WI","addr_state.RI","addr_state.KS","addr_state.UT","addr_state.HI","addr_state.KY","addr_state.AR","purpose.renewable_energy","addr_state.DC","addr_state.NH","addr_state.OK","addr_state.NM","addr_state.MS","addr_state.VT","addr_state.SD","addr_state.DE","addr_state.MT","addr_state.WV","purpose.educational","addr_state.AK","addr_state.WY","home_ownership.NONE"],[2285114.25,2187939.25,847585.8125,642593.375,531286.75,435358.21875,364952.4375,318429.1875,314571.3125,175835.609375,148103.578125,128420.1484375,117360.4609375,92685.8515625,59972.11328125,57362.21484375,46768.37890625,39835.4140625,27621.41796875,23199.810546875,22628.1015625,21211.455078125,19855.775390625,14960.3740234375,14559.625,13337.875,12995.5234375,12571.037109375,11554.412109375,10487.5361328125,10376.853515625,10123.8193359375,10065.7998046875,10045.26953125,9147.0263671875,8308.5634765625,8109.171875,7841.51025390625,7230.77197265625,7055.37548828125,6805.40185546875,5845.97216796875,5837.255859375,5500.68603515625,5308.83544921875,4832.96533203125,4458.98388671875,4125.53466796875,4003.782470703125,3665.823974609375,3545.060302734375,3513.247314453125,3447.838623046875,3335.121826171875,3313.866943359375,2251.400390625,2180.9326171875,2172.274169921875,2024.2940673828125,1770.5379638671875,1746.779541015625,1694.7069091796875,1679.876220703125,1662.3604736328125,1596.4298095703125,1409.0745849609375,1217.5755615234375,969.8389282226562,938.3458251953125,796.0472412109375,793.5922241210938,780.9610595703125,670.2302856445312,528.4865112304688,434.0221862792969,242.97329711914062],[1.0,0.9574747739637088,0.3709161642574326,0.2812084231674631,0.23249898774207897,0.1905192349791701,0.15970861741376827,0.13934935091319833,0.13766108740514835,0.0769482792271765,0.06481232967892087,0.05619856794359407,0.05135868411721646,0.04056070787817283,0.026244689201535547,0.02510255880805522,0.020466538557645422,0.017432569974345922,0.012087543530372715,0.010152582325752422,0.009902393966734924,0.009282448384418853,0.008689182779646575,0.006546882294151157,0.00637150855805131,0.005836852577502416,0.0056870344393064815,0.0055012729054466315,0.005056382677310336,0.004589501874058376,0.004541065513737442,0.00443033399136936,0.004404943781120572,0.0043959594279585805,0.004002874852838321,0.0036359510149492525,0.003548694283010138,0.0034315615746154707,0.0031642934145005,0.0030875373029078303,0.002978145121395462,0.0025582844131179657,0.0025544700267721844,0.002407182063284691,0.0023232253919989996,0.0021149775474163927,0.0019513177018255215,0.0018053953617280843,0.0017521147884413766,0.001604219121476913,0.001551371141611136,0.0015374493045383288,0.0015088254878489664,0.0014594989402266759,0.0014501974872194573,9.852463134501918E-4,9.544085671810502E-4,9.506195018134761E-4,8.8586120688837E-4,7.74813759910336E-4,7.644167205274856E-4,7.416289619565794E-4,7.351388319875581E-4,7.274736804222426E-4,6.986214407311637E-4,6.166320064569802E-4,5.328291841528001E-4,4.244159469149765E-4,4.106340963894092E-4,3.4836211852905713E-4,3.472877665180609E-4,3.417601809495138E-4,2.933027465233002E-4,2.3127356158689604E-4,1.8993456728883331E-4,1.0632873044275166E-4],[0.24885365374725604,0.23827109587169704,0.0923038427093795,0.0699797435697277,0.057858222592154854,0.04741140773369851,0.039744072978338874,0.03467759512205793,0.034257464579591536,0.019148860435246957,0.01612878504847118,0.013985218968126802,0.012780796194220484,0.010093680354058422,0.006531086799263277,0.006246863477789907,0.005093172899629159,0.004338158732320693,0.0030080293723622567,0.002526507206733305,0.00246424691946677,0.002309971196182946,0.0021623348827927887,0.0016292155795527333,0.0015855731845529793,0.0014525220902955652,0.0014152392992078954,0.0013690118627811773,0.0012582993039930099,0.0011421143102393059,0.001130060744999223,0.0011025048010729294,0.0010961863544831077,0.0010939505653721903,9.96130032621826E-4,9.048196949161655E-4,8.831055383590721E-4,8.539566359017471E-4,7.874459777268301E-4,7.683449389095621E-4,7.411222948488261E-4,6.366384235290604E-4,6.356891995501091E-4,5.99036051683254E-4,5.781431272773522E-4,5.263198902679798E-4,4.8559253972097974E-4,4.4927923222438276E-4,4.3602016688823713E-4,3.99215789790743E-4,3.86064376907983E-4,3.825998768855409E-4,3.754767355182014E-4,3.632016439156563E-4,3.6088694334965164E-4,2.4518214494309457E-4,2.3750805911068782E-4,2.3656513634967983E-4,2.204497980471248E-4,1.9281523512733635E-4,1.9022789388875992E-4,1.8455707690767954E-4,1.8294198435159405E-4,1.8103448337803877E-4,1.7385449811212217E-4,1.5345112782432112E-4,1.3259648929959383E-4,1.0561745909839336E-4,1.0218779523970741E-4,8.669118602309055E-5,8.642382959974342E-5,8.504826973460988E-5,7.298946012642855E-5,5.755327081604013E-5,4.726591104273023E-5,2.6460293068985845E-5]]},"variable_importances_cover":{"__meta":{"schema_version":3,"schema_name":"TwoDimTableV3","schema_type":"TwoDimTable"},"name":"Variable Importances - Cover","description":"","columns":[{"__meta":{"schema_version":-1,"schema_name":"ColumnSpecsBase","schema_type":"Iced"},"name":"variable","type":"string","format":"%s","description":"Variable"},{"__meta":{"schema_version":-1,"schema_name":"ColumnSpecsBase","schema_type":"Iced"},"name":"relative_importance","type":"double","format":"%5f","description":"Relative Importance"},{"__meta":{"schema_version":-1,"schema_name":"ColumnSpecsBase","schema_type":"Iced"},"name":"scaled_importance","type":"double","format":"%5f","description":"Scaled Importance"},{"__meta":{"schema_version":-1,"schema_name":"ColumnSpecsBase","schema_type":"Iced"},"name":"percentage","type":"double","format":"%5f","description":"Percentage"}],"rowcount":76,"data":[["loan_amnt","revol_util","annual_inc","dti","longest_credit_length","total_acc","delinq_2yrs","term.36months","emp_length","purpose.credit_card","purpose.other","home_ownership.MORTGAGE","purpose.small_business","purpose.medical","purpose.moving","verification_status.notverified","purpose.car","term.60months","addr_state.IN","purpose.house","purpose.vacation","purpose.major_purchase","addr_state.TN","addr_state.MA","home_ownership.RENT","addr_state.OH","purpose.debt_consolidation","verification_status.verified","addr_state.NV","addr_state.TX","home_ownership.OWN","addr_state.CA","addr_state.NC","addr_state.DC","addr_state.MI","purpose.wedding","purpose.home_improvement","addr_state.NH","addr_state.GA","addr_state.CO","addr_state.VA","purpose.renewable_energy","addr_state.MS","addr_state.PA","addr_state.NY","addr_state.SD","addr_state.MT","addr_state.CT","addr_state.LA","addr_state.IL","addr_state.NM","home_ownership.NONE","addr_state.FL","purpose.educational","addr_state.WI","addr_state.NJ","addr_state.MD","addr_state.RI","addr_state.AL","addr_state.HI","addr_state.KS","addr_state.VT","addr_state.UT","addr_state.MN","addr_state.SC","addr_state.MO","addr_state.AZ","addr_state.WA","addr_state.KY","addr_state.OK","addr_state.AR","addr_state.WV","addr_state.OR","addr_state.DE","addr_state.AK","addr_state.WY"],[1.9917132E7,1.884034E7,1.1214158E7,9538127.0,9440585.0,7849441.0,5799183.0,4289582.0,3226563.0,2932158.0,2870350.0,2219791.0,2181582.0,2050715.0,1897375.0,1842910.0,1793666.0,1722074.0,1541216.0,1444152.0,1396505.0,1158782.0,1108436.0,920728.0,885921.0,820835.0,819858.0,743549.0,682313.0,623923.0,616412.0,540287.0,529606.0,516038.0,503429.0,453938.0,450193.0,446141.0,423352.0,419349.0,379493.0,338988.0,313759.0,293259.0,266724.0,261030.0,227503.0,224341.0,209305.0,208659.0,206754.0,198279.0,193667.0,186129.0,177177.0,176963.0,156453.0,156091.0,154630.0,143227.0,135268.0,134712.0,131738.0,128471.0,124027.0,110256.0,108241.0,107510.0,92929.0,91579.0,90223.0,85917.0,84697.0,82726.0,43593.0,40774.0],[1.0,0.9459363928501352,0.5630408032642451,0.4788905852509287,0.47399319339752327,0.3941049845931633,0.29116556540369365,0.2153714701494171,0.1619993782237322,0.14721788257465984,0.14411462453529955,0.11145133747168016,0.10953293877853498,0.1029623642600752,0.09526346463938684,0.09252888417870606,0.09005643985288644,0.08646194642883323,0.07738142218468,0.0725080297705513,0.07011576767177122,0.05818016369023411,0.05565239011319501,0.04622794085011838,0.044480349881699834,0.04121250991357591,0.04116345666635136,0.037332131955544606,0.03425759291046522,0.03132594592434292,0.030948833396294204,0.027126746963368017,0.0265904749740073,0.025909252396379156,0.02527617932140029,0.022791333611686664,0.02260330453199788,0.022399861586497493,0.02125567074616968,0.021054687994235315,0.01905359667245264,0.017019920337928172,0.01575322189961888,0.014723957244446641,0.013391687116398083,0.013105802582419999,0.01142247789490977,0.011263720097853445,0.010508792129308577,0.010476357740662662,0.010380711439779583,0.00995519836892179,0.009723638925524017,0.009345170780612389,0.008895708478509857,0.008884963959670499,0.007855197224178661,0.00783702191660928,0.0077636679819162715,0.007191145793480708,0.00679154006711408,0.006763624401344531,0.006614305714296617,0.0064502760738845335,0.006227151579855975,0.005535736771740027,0.00543456758734139,0.005397865515978907,0.004665782201975666,0.004598001358830177,0.00452991926749293,0.0043137234818748,0.004252469682884062,0.004153509651891648,0.00218871873721578,0.0020471822951216067],[0.1500509579982375,0.14193866195255994,0.08448481192189715,0.07185799109323848,0.07112313275394223,0.059135830490084786,0.043689672024922716,0.032316695421408845,0.024308161897589834,0.022090184314799744,0.021624537473078003,0.016723379957810473,0.016435522396081474,0.015449601394987774,0.014294374131371218,0.013884047713522805,0.013513055073836266,0.012973697892038717,0.011611156530077302,0.010879899329635949,0.010520938109931122,0.008729989298213902,0.008350694451376553,0.006936546810846121,0.006674319111845851,0.006183976594043926,0.006176616107304958,0.005601722164046083,0.005140384634928936,0.004700488196148639,0.004643902100041792,0.004070394369229151,0.003989926243477955,0.0038877081430948235,0.0037927149217113544,0.003419861442491014,0.0033916474989521854,0.0033611206900818692,0.0031894337583578724,0.003159276103888999,0.002859010434013549,0.002553855351759808,0.002363786037596628,0.0022093438900543075,0.0020094354810281873,0.0019665382328278957,0.0017139537508449021,0.001690131991306911,0.0015768543264070903,0.0015719875153186835,0.0015576356962421897,0.0014937870523192062,0.0014590413360038314,0.001402251828288026,0.001334809579273448,0.001333197353928372,0.0011786798687531041,0.0011759526464404056,0.0011649458182667798,0.001079038315416776,0.001019077093353882,0.0010148883209620024,9.92482908923424E-4,9.678701042394845E-4,9.343900601576273E-4,8.306426058256618E-4,8.154620727867459E-4,8.099548918182856E-4,7.001050892175748E-4,6.899345087696658E-4,6.797187257419885E-4,6.472783409948064E-4,6.380871497752148E-4,6.232381023212677E-4,3.2841934330792044E-4,3.071816645800277E-4]]},"variable_importances_frequency":{"__meta":{"schema_version":3,"schema_name":"TwoDimTableV3","schema_type":"TwoDimTable"},"name":"Variable Importances - Frequency","description":"","columns":[{"__meta":{"schema_version":-1,"schema_name":"ColumnSpecsBase","schema_type":"Iced"},"name":"variable","type":"string","format":"%s","description":"Variable"},{"__meta":{"schema_version":-1,"schema_name":"ColumnSpecsBase","schema_type":"Iced"},"name":"relative_importance","type":"double","format":"%5f","description":"Relative Importance"},{"__meta":{"schema_version":-1,"schema_name":"ColumnSpecsBase","schema_type":"Iced"},"name":"scaled_importance","type":"double","format":"%5f","description":"Scaled Importance"},{"__meta":{"schema_version":-1,"schema_name":"ColumnSpecsBase","schema_type":"Iced"},"name":"percentage","type":"double","format":"%5f","description":"Percentage"}],"rowcount":76,"data":[["dti","revol_util","loan_amnt","annual_inc","total_acc","longest_credit_length","emp_length","delinq_2yrs","home_ownership.MORTGAGE","verification_status.notverified","home_ownership.RENT","purpose.credit_card","purpose.debt_consolidation","purpose.other","addr_state.CA","purpose.small_business","verification_status.verified","term.36months","home_ownership.OWN","addr_state.FL","addr_state.NY","addr_state.TX","purpose.car","purpose.major_purchase","purpose.home_improvement","purpose.moving","purpose.medical","addr_state.GA","addr_state.MA","addr_state.NJ","addr_state.IL","addr_state.OH","addr_state.PA","addr_state.VA","purpose.house","addr_state.TN","addr_state.CO","addr_state.MI","term.60months","addr_state.NC","purpose.vacation","purpose.wedding","addr_state.IN","addr_state.MD","addr_state.NV","addr_state.AZ","addr_state.WA","addr_state.CT","addr_state.MO","addr_state.OR","addr_state.SC","addr_state.AL","addr_state.MN","addr_state.LA","addr_state.WI","addr_state.KS","addr_state.UT","addr_state.KY","addr_state.RI","addr_state.HI","addr_state.AR","addr_state.OK","addr_state.NH","addr_state.NM","purpose.renewable_energy","addr_state.DC","addr_state.MS","addr_state.DE","addr_state.VT","addr_state.SD","addr_state.WV","addr_state.MT","purpose.educational","addr_state.AK","addr_state.WY","home_ownership.NONE"],[9268.0,8654.0,8095.0,7122.0,6209.0,5119.0,4368.0,1090.0,848.0,817.0,718.0,694.0,694.0,563.0,489.0,370.0,358.0,332.0,289.0,275.0,273.0,251.0,251.0,248.0,236.0,209.0,205.0,194.0,192.0,174.0,155.0,153.0,149.0,144.0,132.0,123.0,120.0,118.0,118.0,113.0,111.0,103.0,103.0,102.0,102.0,101.0,88.0,87.0,69.0,69.0,68.0,66.0,63.0,61.0,57.0,45.0,43.0,38.0,35.0,32.0,32.0,31.0,30.0,26.0,23.0,22.0,18.0,17.0,16.0,16.0,16.0,15.0,14.0,10.0,8.0,5.0],[1.0,0.9337505394907207,0.8734354769097972,0.7684505826499785,0.6699395770392749,0.5523305999136815,0.47129909365558914,0.11760897712559344,0.09149762624082866,0.08815278377211912,0.07747086750107898,0.07488131204143289,0.07488131204143289,0.06074665515753129,0.05276219249028917,0.039922313336210616,0.03862753560638757,0.035822183858437634,0.03118256365990505,0.02967198964177816,0.02945619335347432,0.02708243418213207,0.02708243418213207,0.026758739749676307,0.025463962019853258,0.022550712127751404,0.02211911955114372,0.020932239965472593,0.020716443677168753,0.018774277082434183,0.016724212343547692,0.01650841605524385,0.016076823478636166,0.015537332757876565,0.014242555028053518,0.013271471730686232,0.01294777729823047,0.012731981009926629,0.012731981009926629,0.012192490289167026,0.011976694000863186,0.011113508847647821,0.011113508847647821,0.0110056107034959,0.0110056107034959,0.01089771255934398,0.009495036685369012,0.009387138541217092,0.007444971946482521,0.007444971946482521,0.0073370738023306,0.007121277514026759,0.006797583081570997,0.006581786793267156,0.006150194216659474,0.004855416486836427,0.004639620198532585,0.004100129477772983,0.0037764350453172208,0.0034527406128614588,0.0034527406128614588,0.0033448424687095384,0.0032369443245576176,0.0028053517479499353,0.0024816573154941737,0.002373759171342253,0.0019421665947345706,0.00183426845058265,0.0017263703064307294,0.0017263703064307294,0.0017263703064307294,0.0016184721622788088,0.0015105740181268882,0.0010789814415192059,8.631851532153647E-4,5.394907207596029E-4],[0.1502788947982877,0.14032299909197044,0.13125891814761967,0.11548190426773901,0.10067777921909457,0.08300363211830328,0.07082630691399663,0.017674147100791283,0.01375016214813854,0.013247502918666493,0.011642236347126736,0.011253080814632247,0.011253080814632247,0.009128940199766507,0.007929043974575173,0.005999481125956674,0.005804903359709431,0.0053833181995070695,0.004686081203787781,0.004459073809832663,0.00442664418212479,0.004069918277338176,0.004069918277338176,0.004021273835776365,0.0038266960695291217,0.003388896095472824,0.0033240368400570762,0.0031456738876637696,0.0031132442599558956,0.0028213776105850304,0.002513296147360228,0.0024808665196523545,0.0024160072642366065,0.002334933194966922,0.0021403554287196783,0.0019944221040342457,0.0019457776624724349,0.0019133480347645608,0.0019133480347645608,0.001832273965494876,0.0017998443377870022,0.0016701258269555066,0.0016701258269555066,0.0016539110131015696,0.0016539110131015696,0.0016376961992476326,0.0014269036191464522,0.0014106888052925152,0.00111882215592165,0.00111882215592165,0.0011026073420677132,0.0010701777143598391,0.0010215332727980283,9.891036450901543E-4,9.242443896744065E-4,7.296666234271631E-4,6.972369957192891E-4,6.161629264496044E-4,5.675184848877935E-4,5.188740433259826E-4,5.188740433259826E-4,5.026592294720457E-4,4.864444156181087E-4,4.2158516020236085E-4,3.7294071864055E-4,3.5672590478661305E-4,2.9186664937086524E-4,2.756518355169283E-4,2.594370216629913E-4,2.594370216629913E-4,2.594370216629913E-4,2.4322220780905436E-4,2.270073939551174E-4,1.6214813853936957E-4,1.2971851083149564E-4,8.107406926968479E-5]]},"native_parameters":{"__meta":{"schema_version":3,"schema_name":"TwoDimTableV3","schema_type":"TwoDimTable"},"name":"Native XGBoost Parameters","description":"","columns":[{"__meta":{"schema_version":-1,"schema_name":"ColumnSpecsBase","schema_type":"Iced"},"name":"","type":"string","format":"%s","description":""},{"__meta":{"schema_version":-1,"schema_name":"ColumnSpecsBase","schema_type":"Iced"},"name":"name","type":"string","format":"%s","description":"Name"},{"__meta":{"schema_version":-1,"schema_name":"ColumnSpecsBase","schema_type":"Iced"},"name":"value","type":"string","format":"%s","description":"Value"}],"rowcount":18,"data":[["","","","","","","","","","","","","","","","","",""],["silent","eta","colsample_bylevel","objective","min_child_weight","nthread","seed","max_depth","colsample_bytree","lambda","gamma","alpha","booster","grow_policy","nround","subsample","max_delta_step","tree_method"],[true,0.05,0.8,"reg:linear",5.0,8,-1374930788,10,0.8,1.0,0.0,0.0,"gbtree","depthwise",10000,0.6,0.0,"auto"]]},"sparse":true},"compatible_frames":null}
